Total, Raycast, Update_cache, Inflation, PointCloudNumber, CacheNumber, InflationNumber
0.0625881, 6.4033e-05, 0.000216281, 0.000100212, 1020, 629, 11610
0.000743553, 0.00021709, 0.000523771, 0.000227246, 1023, 617, 6615
0.000517878, 0.000170314, 0.000346077, 0.000133587, 1029, 631, 4590
0.000527916, 0.000154961, 0.000370878, 0.000150826, 1013, 588, 5049
0.000210563, 6.7622e-05, 0.000139007, 4.4575e-05, 1024, 625, 3618
0.000288343, 0.000117207, 0.000168432, 5.2393e-05, 1029, 640, 2565
0.000435171, 0.000178513, 0.000254422, 9.2664e-05, 1032, 639, 2592
0.000329786, 0.000142712, 0.000185129, 5.7971e-05, 1016, 597, 2025
0.000356288, 0.00015553, 0.00019859, 5.8993e-05, 1025, 608, 1863
0.000238266, 0.000107955, 0.000128988, 3.8201e-05, 1024, 637, 1998
0.000290668, 0.000110066, 0.000178914, 5.629e-05, 1023, 648, 2349
0.000279516, 0.000127901, 0.00015018, 5.0197e-05, 1026, 612, 1998
0.000200815, 8.9445e-05, 0.000109919, 3.2289e-05, 1010, 588, 1836
0.000300851, 0.000136284, 0.000161782, 4.9764e-05, 1022, 628, 1863
0.000244217, 0.000109676, 0.000133109, 4.0373e-05, 1023, 642, 2133
0.000450978, 0.000191899, 0.000256396, 7.7056e-05, 1018, 610, 1917
0.000409965, 0.000181382, 0.000226051, 7.1354e-05, 1024, 637, 2187
0.000234268, 0.000105414, 0.000126894, 3.467e-05, 1024, 636, 1539
0.000403336, 0.000180234, 0.000220157, 6.735e-05, 1015, 604, 1161
0.00012772, 5.5469e-05, 7.0515e-05, 1.801e-05, 1011, 603, 1431
0.00024361, 0.000108937, 0.000131263, 3.6273e-05, 1018, 635, 1539
0.000139691, 6.5735e-05, 7.182e-05, 1.7942e-05, 1019, 635, 1323
0.000215047, 0.000107955, 0.000105264, 2.6631e-05, 1020, 613, 1377
0.000279774, 0.000129053, 0.000146814, 4.0863e-05, 1002, 594, 1431
0.000272365, 0.000124753, 0.000145, 3.9711e-05, 1020, 633, 1566
0.000234546, 0.000111584, 0.000119533, 3.4205e-05, 1024, 638, 1674
0.000156409, 6.8028e-05, 8.4574e-05, 2.6723e-05, 1026, 622, 1944
0.000139678, 5.545e-05, 8.2834e-05, 2.7447e-05, 985, 559, 2241
0.000386659, 0.00017481, 0.000208649, 7.1519e-05, 1024, 633, 1809
0.000206733, 9.6904e-05, 0.000108639, 3.4258e-05, 1025, 615, 2025
0.000272155, 0.000119863, 0.000148682, 4.5797e-05, 1015, 613, 1890
0.000262152, 0.000113587, 0.000146171, 4.8561e-05, 980, 537, 1971
0.000184435, 0.000114913, 6.6797e-05, 9.535e-06, 1020, 631, 324
0.000413474, 0.000206647, 0.000204362, 6.0799e-05, 1030, 602, 1674
0.000183105, 9.5333e-05, 8.4012e-05, 2.053e-05, 1017, 625, 1134
0.000138818, 6.3844e-05, 7.1204e-05, 2.0673e-05, 990, 552, 1647
0.000348376, 0.000166123, 0.000180115, 5.1755e-05, 1014, 622, 1512
0.000387376, 0.000194235, 0.000190577, 5.6748e-05, 1025, 607, 1512
0.000246081, 0.000124413, 0.000119153, 2.9913e-05, 1022, 634, 1161
0.000371213, 0.000187539, 0.000181425, 4.8782e-05, 1000, 565, 1242
0.00027291, 0.000143115, 0.000125251, 3.041e-05, 1009, 615, 1134
0.000344095, 0.000185351, 0.000156681, 3.4928e-05, 1022, 618, 1026
0.000153685, 9.8647e-05, 5.3045e-05, 9.249e-06, 1020, 623, 513
0.000144983, 9.4598e-05, 4.8964e-05, 2.006e-06, 1011, 587, 54
0.000304561, 0.000192854, 0.000108823, 1.2259e-05, 1019, 627, 324
0.000321213, 0.000183471, 0.000134827, 2.4042e-05, 1020, 641, 648
0.000215823, 0.000124456, 8.9114e-05, 1.4755e-05, 1023, 638, 513
0.000301356, 0.000188857, 0.000109606, 1.5598e-05, 1015, 600, 297
0.000190877, 0.000120748, 6.7506e-05, 8.897e-06, 1019, 608, 270
0.000187765, 0.000100475, 8.5562e-05, 1.6682e-05, 1019, 635, 891
0.000270467, 0.000145943, 0.000122755, 2.7156e-05, 1019, 649, 972
0.000267448, 0.000154184, 0.000111333, 1.9916e-05, 1016, 607, 594
0.000280978, 0.000172103, 0.000106523, 1.2257e-05, 1001, 582, 324
0.000183969, 0.000116824, 6.505e-05, 6.776e-06, 1015, 622, 243
0.000311229, 0.000183671, 0.000125752, 1.6546e-05, 1021, 640, 432
0.000291844, 0.000173883, 0.000115711, 1.9234e-05, 1009, 614, 486
0.000264215, 0.000174034, 8.741e-05, 5.399e-06, 1014, 635, 108
0.000154748, 6.1229e-05, 9.2413e-05, 2.3372e-05, 1023, 651, 1782
0.000219771, 9.3551e-05, 0.000124398, 4.0571e-05, 996, 610, 2457
0.000298292, 9.1452e-05, 0.000204419, 7.7479e-05, 997, 626, 4536
0.000380296, 0.000111688, 0.000266271, 0.00010403, 1077, 679, 4860
0.000466405, 0.000135947, 0.000327603, 0.000130026, 1073, 702, 5049
0.000541057, 0.000182376, 0.000356195, 0.00013753, 1122, 717, 4860
0.000624004, 0.000210451, 0.000410228, 0.000155364, 1132, 723, 4347
0.000406689, 0.000135754, 0.00026813, 9.5474e-05, 1126, 752, 4428
0.000359876, 0.00012531, 0.000232081, 8.14e-05, 1134, 748, 3969
0.000329995, 0.000122913, 0.000205134, 6.2008e-05, 1138, 763, 3618
0.000163024, 6.1397e-05, 0.00010046, 3.0865e-05, 1140, 713, 2754
0.000635193, 0.000220615, 0.000411587, 0.000147783, 1153, 785, 5265
0.00985335, 0.000143681, 0.000288719, 0.000143588, 1177, 756, 5670
0.000453745, 0.000190368, 0.000260128, 8.6285e-05, 1157, 751, 3537
0.000507387, 0.000211607, 0.000292601, 9.6123e-05, 1146, 680, 3078
0.000289905, 0.000117076, 0.000170974, 5.7367e-05, 1147, 728, 2835
0.000352695, 0.000123426, 0.000226643, 7.5538e-05, 1138, 680, 3591
0.000190446, 6.6872e-05, 0.000122197, 3.8452e-05, 1138, 707, 3942
0.00572269, 6.8403e-05, 0.000120769, 5.8838e-05, 1139, 652, 5076
0.000270347, 9.9181e-05, 0.000167553, 5.7716e-05, 1164, 726, 3591
0.000283025, 0.000117444, 0.000164193, 5.1848e-05, 1201, 704, 3051
0.00042607, 0.000148278, 0.000275663, 9.4663e-05, 1163, 710, 3942
0.000292771, 0.000107984, 0.000179845, 5.8111e-05, 1144, 649, 3510
0.000290945, 0.000117072, 0.000172712, 5.8386e-05, 1157, 699, 3375
0.00339551, 0.000131185, 0.000202171, 0.000110317, 1128, 647, 4023
0.000312613, 0.000122145, 0.000189041, 6.3772e-05, 1097, 680, 3267
0.000511483, 0.000204196, 0.000304035, 9.5123e-05, 1105, 645, 2916
0.000234608, 9.4682e-05, 0.000138571, 4.2593e-05, 1057, 660, 2835
0.0026364, 0.000125525, 0.000196522, 9.5108e-05, 1027, 612, 4455
0.000489862, 0.000189915, 0.0002974, 0.000104867, 1027, 678, 3159
0.000349513, 0.000134065, 0.000212591, 7.6548e-05, 1033, 640, 3267
0.000303919, 0.000117334, 0.000183041, 5.9114e-05, 1040, 672, 2727
0.000179078, 6.3024e-05, 0.000114762, 3.6524e-05, 1036, 660, 2997
0.00048477, 0.000201904, 0.000280575, 9.5429e-05, 1045, 679, 2673
0.00372356, 0.00010264, 0.000183775, 0.000105419, 1035, 666, 4590
0.000269834, 9.1499e-05, 0.000177137, 7.4598e-05, 1013, 656, 3591
0.00045907, 0.000179837, 0.000276633, 9.99e-05, 1038, 631, 3024
0.000499844, 0.000186935, 0.000310361, 0.000108441, 1065, 682, 3186
0.000564216, 0.000166001, 0.000395605, 0.000145112, 1059, 684, 4941
0.000267057, 7.9667e-05, 0.000184931, 6.6573e-05, 1077, 710, 5076
0.00269532, 9.0659e-05, 0.000165862, 9.0723e-05, 1080, 755, 5346
0.000518714, 0.000186424, 0.000329175, 9.4176e-05, 1067, 712, 3618
0.00049165, 0.000171922, 0.00031707, 8.8798e-05, 1031, 711, 2862
0.000232667, 8.5071e-05, 0.000145994, 4.6225e-05, 1004, 687, 3078
0.000181099, 7.3541e-05, 0.000103566, 3.3031e-05, 964, 645, 2727
0.0115905, 7.0793e-05, 0.000120989, 8.7006e-05, 984, 669, 4617
0.000336596, 0.000120671, 0.000213723, 6.8222e-05, 952, 622, 2997
0.000422414, 0.000181988, 0.000237792, 7.7906e-05, 955, 605, 2160
0.00041128, 0.000154626, 0.000254413, 8.6964e-05, 961, 593, 2835
0.000355303, 0.000126468, 0.000224938, 7.8458e-05, 956, 617, 3240
0.000260468, 0.000117642, 0.000137825, 4.4207e-05, 977, 586, 2754
0.000255434, 9.7935e-05, 0.000155285, 5.3722e-05, 970, 627, 3294
0.000139482, 5.6217e-05, 8.1702e-05, 2.4236e-05, 998, 567, 2160
0.000303968, 0.000124455, 0.000177979, 5.9474e-05, 999, 619, 2322
0.0113258, 0.000114714, 0.000110119, 9.826e-05, 1004, 576, 3753
0.000255199, 0.000107552, 0.000145762, 4.8212e-05, 1012, 650, 3051
0.000174335, 6.1368e-05, 0.000110751, 3.7391e-05, 1016, 600, 3186
0.000333723, 0.000118999, 0.000211705, 6.8428e-05, 1009, 661, 2781
0.000195045, 9.0651e-05, 0.000100553, 3.14e-05, 1000, 555, 2079
0.000393006, 0.000177643, 0.000212993, 7.269e-05, 1029, 646, 2322
0.000195543, 7.6771e-05, 0.000115579, 3.5937e-05, 1058, 629, 3078
0.000240275, 9.5389e-05, 0.000143542, 4.3004e-05, 1075, 679, 2808
0.000327719, 0.000136478, 0.000189544, 5.7135e-05, 1122, 666, 2727
0.000290543, 0.000100778, 0.00018812, 6.5401e-05, 1077, 660, 4185
0.000301327, 0.000116247, 0.000182742, 6.0688e-05, 1053, 591, 2808
0.00289211, 9.6515e-05, 0.000141249, 8.6331e-05, 1011, 643, 4266
0.000475514, 0.000163384, 0.000310134, 0.000129888, 986, 567, 4077
0.00033386, 0.000101217, 0.000230872, 9.1158e-05, 967, 619, 5049
0.000367433, 0.000124811, 0.000241061, 0.000100406, 1020, 661, 5265
0.000192192, 6.1856e-05, 0.000129248, 4.1506e-05, 1021, 650, 3753
0.000439318, 0.000177053, 0.000259778, 9.9069e-05, 1012, 647, 3753
0.000415643, 0.000165032, 0.00024466, 9.0345e-05, 1018, 610, 2754
0.00039155, 0.000172317, 0.000216534, 6.8455e-05, 1030, 611, 1971
0.000438058, 0.000194983, 0.000240502, 8.4702e-05, 1046, 649, 2268
0.000285567, 0.000120891, 0.000159093, 5.1376e-05, 1031, 636, 2079
0.000411394, 0.000183247, 0.000226071, 7.6038e-05, 1066, 665, 2646
0.000166035, 6.4768e-05, 9.7997e-05, 2.8638e-05, 1091, 676, 2943
0.000302153, 0.000109872, 0.000191228, 7.2901e-05, 1079, 672, 4779
0.000187248, 7.1465e-05, 0.00011456, 3.9441e-05, 1073, 666, 3132
0.00028626, 0.000133708, 0.000150713, 4.808e-05, 1039, 645, 1782
0.000212337, 6.044e-05, 0.000150006, 5.4263e-05, 1019, 639, 4833
0.000411605, 0.000118088, 0.000291368, 0.000108477, 1070, 689, 5292
0.000547834, 0.000188307, 0.00035654, 0.00013681, 1053, 668, 4347
0.000452016, 0.000195208, 0.00025396, 8.5528e-05, 1030, 669, 2241
0.000140318, 6.7404e-05, 7.1143e-05, 2.0416e-05, 1041, 656, 1647
0.00019853, 0.000106362, 9.1016e-05, 2.2933e-05, 1023, 632, 1620
0.000189873, 9.5231e-05, 9.3321e-05, 2.7663e-05, 1024, 633, 1566
0.000250459, 0.000127726, 0.000120238, 3.5138e-05, 1031, 647, 1674
0.000397238, 0.000189268, 0.000205318, 6.4009e-05, 1033, 647, 1728
0.000201712, 9.6762e-05, 0.000103663, 2.9975e-05, 1013, 635, 1593
0.000143904, 7.2107e-05, 6.5666e-05, 1.811e-05, 1026, 617, 1404
0.000309127, 0.000164756, 0.000142276, 3.6035e-05, 1015, 629, 1107
0.000345888, 0.000174976, 0.000168243, 4.6533e-05, 1033, 595, 1269
0.000200956, 9.033e-05, 0.00010895, 3.5866e-05, 1028, 648, 1242
0.000210348, 0.000112276, 9.6897e-05, 2.5126e-05, 1031, 582, 1161
0.000179326, 9.5679e-05, 8.2254e-05, 1.8492e-05, 1026, 649, 999
0.000330885, 0.000167721, 0.0001607, 3.8897e-05, 1052, 604, 1188
0.000244344, 0.000138432, 0.000100655, 2.2718e-05, 1025, 645, 810
0.000217882, 0.000112585, 0.000100995, 2.7755e-05, 1029, 582, 1188
0.000336351, 0.000173326, 0.000160563, 3.9e-05, 1029, 663, 1107
0.000384477, 0.000194161, 0.000187744, 4.6178e-05, 1058, 619, 1107
0.000260329, 0.000138993, 0.000118451, 3.0295e-05, 1022, 644, 1080
0.000142117, 8.3392e-05, 5.5214e-05, 1.5631e-05, 1030, 600, 1026
0.000175649, 9.2411e-05, 8.1587e-05, 1.8226e-05, 1028, 644, 945
0.000302522, 0.000159205, 0.000140548, 3.8727e-05, 1049, 638, 864
0.000326765, 0.000174533, 0.000149782, 3.4375e-05, 1038, 658, 972
0.000251048, 0.000125193, 0.000123506, 3.5735e-05, 1032, 622, 1350
0.00034483, 0.000185366, 0.000157103, 3.6644e-05, 1029, 635, 1026
0.000315181, 0.000173613, 0.000139553, 3.2322e-05, 1044, 645, 891
0.000340141, 0.000182329, 0.000155537, 3.5596e-05, 1045, 660, 891
0.000168913, 8.4809e-05, 7.9987e-05, 1.6768e-05, 1023, 625, 891
0.000163484, 9.1064e-05, 7.0983e-05, 1.2887e-05, 1020, 630, 729
0.000337724, 0.00019932, 0.000135199, 2.3713e-05, 1045, 662, 648
0.000122849, 6.3396e-05, 5.8049e-05, 1.2998e-05, 1051, 653, 783
0.000331358, 0.00018394, 0.000144883, 3.0897e-05, 1032, 625, 729
0.000204349, 9.3448e-05, 0.000109619, 3.1612e-05, 1030, 613, 1836
0.00030182, 0.000141358, 0.000158518, 5.0905e-05, 1050, 651, 1944
0.00017889, 7.2302e-05, 0.000103763, 3.1206e-05, 1076, 671, 1917
0.000390641, 0.000174357, 0.000213926, 6.6598e-05, 1073, 671, 1890
0.000320359, 0.000147123, 0.000170961, 5.2704e-05, 1068, 658, 1944
0.000248177, 0.000111845, 0.000134135, 3.2877e-05, 1089, 686, 1863
0.00024192, 0.00011238, 0.000128185, 3.6926e-05, 1116, 682, 2079
0.000474623, 0.000202132, 0.000269786, 8.5313e-05, 1123, 692, 2592
0.000388256, 0.000143627, 0.000243045, 8.6612e-05, 1114, 674, 3699
0.000310099, 0.00011506, 0.000193498, 6.7318e-05, 1136, 682, 3159
0.000244854, 0.000103391, 0.000139522, 4.3341e-05, 1135, 673, 2565
0.00254249, 0.00012257, 0.000162962, 7.3604e-05, 1170, 670, 3213
0.000336748, 0.000129043, 0.000205236, 6.1603e-05, 1209, 705, 2565
0.000273044, 0.000118257, 0.000153678, 4.6628e-05, 1234, 675, 2754
0.000273582, 0.000122673, 0.000149397, 4.3544e-05, 1245, 654, 1998
0.000458911, 0.000196432, 0.00025925, 8.315e-05, 1272, 651, 2457
0.00835103, 0.000144877, 0.000213748, 8.7057e-05, 1265, 696, 3618
0.000221959, 8.8076e-05, 0.000130116, 4.0124e-05, 1184, 663, 3348
0.00036095, 0.000130418, 0.000228312, 6.7894e-05, 1144, 660, 2808
0.000466102, 0.000197883, 0.000265735, 8.0817e-05, 1104, 583, 2241
0.000348754, 0.000124145, 0.000222544, 6.9354e-05, 1157, 675, 2943
0.00140808, 7.3256e-05, 0.000103092, 3.9323e-05, 1210, 635, 3186
0.000178694, 6.533e-05, 0.000112366, 3.3356e-05, 1255, 735, 2700
0.000240735, 9.7473e-05, 0.000141692, 4.1758e-05, 1307, 648, 2511
0.00190563, 0.000154296, 0.00022985, 0.000101053, 1262, 726, 4671
0.000522736, 0.00021812, 0.000301062, 8.8678e-05, 1231, 710, 2673
0.000399295, 0.000152777, 0.000242339, 6.9456e-05, 1229, 782, 2646
0.000457499, 0.000197867, 0.000257698, 7.7724e-05, 1182, 700, 2484
0.00300954, 0.000143096, 0.000203574, 7.4096e-05, 1159, 769, 2673
0.000350441, 0.000160566, 0.000188226, 5.472e-05, 1171, 775, 2430
0.000277372, 0.000113046, 0.000163145, 4.6638e-05, 1126, 785, 2700
0.00192417, 0.000118868, 0.000253102, 9.2001e-05, 1099, 725, 4509
0.000425085, 0.000171958, 0.000251598, 7.644e-05, 1095, 770, 2673
0.000381171, 0.000138996, 0.000237492, 6.8728e-05, 1116, 765, 2700
0.00529272, 7.2352e-05, 0.000112632, 4.8261e-05, 1115, 796, 3753
0.000419832, 0.00017537, 0.000242114, 7.1931e-05, 1080, 706, 1944
0.000488583, 0.000200797, 0.000285358, 8.9024e-05, 1087, 717, 2646
0.000305318, 0.000162369, 0.000140858, 3.8356e-05, 1126, 724, 2511
0.000281346, 0.000118831, 0.000161052, 4.5569e-05, 1166, 719, 2862
0.0022029, 7.5548e-05, 0.000119587, 6.7206e-05, 1203, 655, 4752
0.000365438, 0.00013122, 0.000231838, 6.9131e-05, 1215, 655, 2754
0.000215472, 7.9978e-05, 0.000131848, 4.2079e-05, 1121, 631, 2997
0.000350656, 0.000130789, 0.000215599, 7.1822e-05, 949, 634, 2943
0.00392142, 0.000220052, 0.000301321, 0.000150854, 894, 659, 4077
0.000447824, 0.000142688, 0.000303143, 6.5406e-05, 880, 657, 2484
0.000260639, 0.000100299, 0.00015908, 5.0171e-05, 902, 666, 2862
0.00163236, 0.000103687, 0.000139113, 7.3158e-05, 915, 642, 4644
0.000337781, 0.000124336, 0.000210552, 6.2974e-05, 1057, 690, 2430
0.000507402, 0.000201888, 0.000303545, 0.000101894, 1164, 669, 3132
0.000376978, 0.000145444, 0.000228887, 7.2793e-05, 1103, 675, 2619
0.0025337, 0.000111705, 0.000223608, 0.000105115, 1084, 702, 5022
0.000289108, 0.000131469, 0.00015589, 4.6493e-05, 1044, 641, 2322
0.000227234, 0.000100479, 0.000124655, 3.6539e-05, 1005, 642, 2133
0.00015657, 6.0757e-05, 9.4304e-05, 3.0383e-05, 974, 626, 2349
0.00160653, 0.000100859, 0.000121288, 6.9598e-05, 986, 635, 4050
0.000172614, 8.2452e-05, 8.665e-05, 2.7419e-05, 984, 600, 2133
0.00049594, 0.000214025, 0.000279028, 0.000100896, 987, 630, 2511
0.000477983, 0.000183307, 0.000291767, 0.000101199, 1003, 612, 3105
0.00266758, 0.000121049, 0.000163178, 8.7117e-05, 998, 619, 3591
0.000392267, 0.00016693, 0.000223169, 7.0687e-05, 978, 576, 2376
0.000371251, 0.000154629, 0.000214229, 6.6787e-05, 1003, 621, 2133
0.000230262, 0.000117271, 0.00011067, 3.1305e-05, 1027, 570, 2025
0.00019943, 9.1208e-05, 0.000106655, 3.2124e-05, 1016, 620, 1917
0.000133824, 5.8384e-05, 7.3226e-05, 2.0673e-05, 1010, 558, 1755
0.000221202, 0.000101554, 0.00011838, 3.7382e-05, 1007, 598, 1998
0.000463657, 0.000198586, 0.000262257, 8.7433e-05, 1018, 600, 2565
0.00282179, 0.000184963, 0.000209849, 0.000135387, 1028, 644, 4239
0.0002104, 8.7833e-05, 0.000120985, 3.7396e-05, 994, 580, 1998
0.000267823, 0.000101721, 0.000164569, 5.5818e-05, 974, 617, 2835
0.000533936, 0.000202541, 0.000328773, 0.000119891, 997, 626, 3618
0.000387322, 0.000152732, 0.000230882, 8.1907e-05, 1000, 632, 3186
0.000208598, 9.5147e-05, 0.000112154, 3.3405e-05, 1022, 600, 1485
0.000384684, 0.000178358, 0.0002046, 7.2367e-05, 1053, 648, 3969
0.000214634, 7.3382e-05, 0.000137551, 4.4479e-05, 1047, 662, 3429
0.000281076, 9.2325e-05, 0.000183013, 5.6724e-05, 1081, 727, 3159
0.00269932, 0.000169222, 0.00030925, 0.000171737, 1033, 645, 6723
0.000468047, 0.000138783, 0.000324653, 0.000124172, 1003, 649, 4644
0.000349971, 0.000120353, 0.00022699, 7.7214e-05, 985, 641, 3078
0.00038897, 0.000164489, 0.000222443, 7.4825e-05, 964, 633, 2457
0.000470308, 0.000161897, 0.000305553, 0.000121414, 953, 646, 4266
0.000273233, 9.7857e-05, 0.000173652, 6.065e-05, 964, 624, 4077
0.00232195, 0.000128791, 0.000213038, 0.000120505, 985, 687, 5913
0.000546601, 0.000194075, 0.000349326, 0.000137318, 981, 644, 4212
0.000488615, 0.00019219, 0.000293852, 0.000104861, 977, 644, 3186
0.000420896, 0.000171575, 0.000245559, 8.0682e-05, 969, 613, 2565
0.000329042, 0.000139893, 0.000185007, 6.4904e-05, 990, 620, 2538
0.000288977, 0.00013667, 0.000150251, 4.2844e-05, 978, 585, 1512
0.000237281, 0.000109885, 0.000126211, 3.7666e-05, 981, 580, 1755
0.000183133, 7.8011e-05, 0.000101871, 3.2641e-05, 1010, 632, 2295
0.000387752, 0.000156159, 0.000229933, 7.0746e-05, 1036, 683, 2997
0.000614328, 0.000214618, 0.000396498, 0.00015056, 1038, 685, 4293
0.000570223, 0.000198121, 0.000370407, 0.000148117, 1022, 627, 4590
0.000403028, 0.000169878, 0.000231219, 7.6118e-05, 967, 641, 2403
0.000653689, 0.000199723, 0.000451013, 0.000188847, 1019, 662, 6723
0.000603831, 0.000198465, 0.000403143, 0.000142202, 1088, 782, 5535
0.00019768, 6.5482e-05, 0.00013045, 4.133e-05, 1014, 648, 4050
0.000174786, 6.3741e-05, 0.00010981, 3.1954e-05, 969, 646, 2673
0.000197886, 7.7218e-05, 0.000117002, 4.2754e-05, 992, 596, 3240
0.000491013, 0.000212145, 0.000276249, 9.2176e-05, 1026, 651, 2457
0.000278284, 0.000121226, 0.000152077, 5.1145e-05, 962, 547, 1944
0.000273566, 0.000118382, 0.000152258, 5.2501e-05, 963, 605, 1782
0.000268683, 0.000119571, 0.000147062, 4.9313e-05, 969, 571, 1998
0.000375961, 0.000156975, 0.000216718, 6.3026e-05, 969, 643, 1998
0.000299149, 0.000153258, 0.000143616, 4.1861e-05, 933, 504, 1269
0.000244974, 0.000121556, 0.000121073, 3.8079e-05, 944, 591, 1404
0.000135329, 5.8378e-05, 7.5399e-05, 1.9728e-05, 974, 552, 1350
0.000258568, 0.000133595, 0.000122868, 3.5268e-05, 967, 607, 1377
0.000302338, 0.000154106, 0.000145997, 4.3364e-05, 942, 542, 1431
0.000230423, 0.000114929, 0.000112838, 2.872e-05, 954, 595, 1053
0.000402863, 0.000177341, 0.000222634, 6.2006e-05, 976, 605, 1917
0.000406574, 0.000198287, 0.000205498, 6.2902e-05, 968, 620, 1809
0.000336461, 0.000167494, 0.000166357, 4.8309e-05, 940, 560, 1350
0.000138699, 6.3507e-05, 6.9503e-05, 1.9403e-05, 943, 588, 1269
0.000126882, 5.5787e-05, 6.9927e-05, 1.7594e-05, 984, 628, 1539
0.000376887, 0.00019251, 0.000181841, 5.1811e-05, 983, 631, 1485
0.000209758, 0.000105154, 0.00010231, 2.7017e-05, 955, 583, 1026
0.000305399, 0.000171926, 0.000131181, 2.7653e-05, 941, 571, 729
0.00036776, 0.000186546, 0.00017864, 5.1037e-05, 977, 632, 1458
0.000380281, 0.000193803, 0.000183987, 5.1726e-05, 989, 630, 1377
0.000210951, 0.00011379, 9.2171e-05, 2.1198e-05, 962, 597, 810
0.000178607, 0.000103303, 7.3814e-05, 1.3674e-05, 939, 569, 621
0.000178889, 9.2312e-05, 8.5013e-05, 1.7637e-05, 974, 625, 999
0.000321539, 0.000161712, 0.00015752, 4.6023e-05, 993, 623, 1485
0.000326981, 0.000173343, 0.000151108, 3.6666e-05, 945, 581, 1026
0.000236871, 0.000115576, 0.000119189, 2.958e-05, 983, 630, 1242
0.000346609, 0.000183346, 0.000160677, 3.7706e-05, 985, 627, 1053
0.000276495, 0.000155283, 0.000118836, 2.203e-05, 951, 584, 594
0.000276138, 0.000160276, 0.000113525, 1.654e-05, 947, 574, 459
0.000210894, 0.000111918, 9.7387e-05, 2.0567e-05, 982, 632, 837
0.000120012, 6.0901e-05, 5.7834e-05, 1.2884e-05, 992, 621, 945
0.000287563, 0.00017982, 0.000105436, 1.7976e-05, 946, 583, 540
0.000294654, 0.000169398, 0.000122626, 2.2317e-05, 939, 557, 567
0.000241958, 0.000128219, 0.000111242, 2.717e-05, 978, 627, 945
0.000227772, 0.00012553, 9.7997e-05, 2.0089e-05, 985, 606, 810
0.000299695, 0.000157668, 0.000139419, 3.611e-05, 956, 590, 1080
0.000310747, 0.000178477, 0.000129095, 2.6817e-05, 932, 537, 702
0.000290334, 0.000137625, 0.000151484, 4.2822e-05, 952, 642, 1593
0.000216624, 9.7654e-05, 0.000117615, 3.5496e-05, 957, 581, 2214
0.000305699, 0.000131073, 0.000172801, 5.0884e-05, 977, 673, 2295
0.000391991, 0.000176548, 0.000212844, 6.5157e-05, 963, 561, 2214
0.000389031, 0.000122209, 0.00026183, 9.0729e-05, 973, 691, 3537
0.000391406, 0.000136709, 0.000250563, 8.542e-05, 975, 626, 3510
0.000568975, 0.000201908, 0.000364794, 0.000128715, 983, 703, 3888
0.000309095, 0.000127891, 0.000178162, 4.7054e-05, 1010, 586, 1944
0.000361231, 0.000141338, 0.000217451, 5.8452e-05, 966, 668, 2295
0.00743406, 7.4821e-05, 0.00014542, 5.9053e-05, 932, 577, 3132
0.000135612, 5.3325e-05, 8.0362e-05, 2.0475e-05, 935, 630, 1836
0.000246886, 0.000104387, 0.000140114, 4.4245e-05, 922, 507, 2673
0.00151344, 6.2528e-05, 0.000144086, 5.8721e-05, 940, 564, 4212
0.000451231, 0.000164875, 0.000283843, 9.9126e-05, 947, 532, 2943
0.000343364, 0.000103194, 0.000238774, 8.774e-05, 878, 553, 4806
0.000217072, 8.0386e-05, 0.000133606, 4.4338e-05, 828, 557, 2997
0.000467608, 0.000164848, 0.000300077, 9.9963e-05, 802, 552, 2862
0.00190937, 0.000118423, 0.000159244, 7.8637e-05, 816, 566, 3294
0.000286165, 0.000100756, 0.000181737, 6.2421e-05, 867, 559, 3267
0.00024524, 9.1577e-05, 0.000152697, 4.0062e-05, 930, 572, 2295
0.00161016, 0.000113579, 0.000172785, 7.6189e-05, 931, 588, 3591
0.000217454, 8.1544e-05, 0.000131674, 3.8589e-05, 929, 607, 3645
0.000380703, 0.000137113, 0.000241878, 7.9788e-05, 905, 632, 3375
0.000437172, 0.000169684, 0.000264667, 8.3365e-05, 918, 616, 2619
0.0022658, 0.000112125, 0.000172002, 7.5494e-05, 887, 596, 3105
0.000439609, 0.000169586, 0.000267867, 9.2417e-05, 895, 643, 2943
0.000391268, 0.000144841, 0.000244454, 8.0211e-05, 906, 665, 2808
0.000246743, 8.9209e-05, 0.000156266, 4.4464e-05, 911, 681, 2727
0.00198888, 8.6231e-05, 0.000175527, 6.829e-05, 947, 715, 3996
0.000473097, 0.000173384, 0.000297785, 8.9297e-05, 923, 713, 2889
0.000476414, 0.000177566, 0.000296675, 9.2137e-05, 938, 719, 2943
0.000360651, 0.000125082, 0.000233182, 6.5172e-05, 923, 745, 2457
0.00149183, 0.000173235, 0.000247337, 9.2245e-05, 898, 714, 2727
0.000286189, 0.000100054, 0.000183228, 5.4131e-05, 882, 700, 2403
0.000360157, 0.000142586, 0.000215969, 6.3572e-05, 868, 670, 2403
0.00100136, 0.000100768, 0.000183576, 6.7628e-05, 847, 617, 3402
0.000272135, 0.000101971, 0.000169131, 5.496e-05, 843, 646, 3078
0.000478054, 0.000181037, 0.000294435, 9.7365e-05, 849, 611, 2862
0.000342108, 0.000119017, 0.000218833, 7.4767e-05, 838, 635, 2727
0.00208814, 0.000115506, 0.000173306, 7.7335e-05, 850, 574, 2943
0.000484308, 0.000190614, 0.000290231, 0.000100957, 891, 690, 2646
0.00031942, 0.000142812, 0.000174507, 5.3922e-05, 862, 628, 2430
0.000184489, 7.0408e-05, 0.000110539, 3.4801e-05, 845, 660, 2349
0.000138079, 5.6798e-05, 7.9429e-05, 2.0302e-05, 885, 579, 1674
0.000276054, 0.000118927, 0.000155621, 3.9082e-05, 868, 701, 1998
0.000207086, 7.3496e-05, 0.000131722, 4.4459e-05, 876, 639, 2889
0.00043287, 0.000179412, 0.00025069, 8.9128e-05, 882, 664, 2619
0.000374015, 0.000157277, 0.00021379, 7.3143e-05, 858, 553, 2376
0.000478731, 0.000182119, 0.000294476, 0.000101866, 854, 666, 3240
0.000570584, 0.000179856, 0.000387969, 0.000147318, 897, 693, 4725
0.000334733, 0.000120697, 0.000211875, 6.8649e-05, 950, 826, 3240
0.000378333, 0.000143759, 0.000232954, 6.7421e-05, 959, 774, 2808
0.00470651, 6.8308e-05, 0.000119188, 5.5539e-05, 906, 753, 4536
0.000388962, 0.000139327, 0.000247841, 9.1767e-05, 877, 692, 4050
0.000326782, 0.000117188, 0.000207991, 6.9233e-05, 817, 678, 3456
0.000384278, 0.000159189, 0.000222401, 7.5986e-05, 800, 580, 2268
0.00208086, 8.4068e-05, 0.000149535, 8.31e-05, 839, 628, 4347
0.000166339, 6.7227e-05, 9.499e-05, 3.2847e-05, 838, 638, 3132
0.000159584, 5.658e-05, 0.000101707, 3.0157e-05, 847, 668, 3105
0.000223571, 8.407e-05, 0.000135563, 4.0104e-05, 844, 667, 2565
0.000150749, 6.3018e-05, 8.3875e-05, 2.458e-05, 847, 611, 2052
0.00021612, 0.000104749, 0.000109854, 3.5126e-05, 838, 635, 2592
0.000467311, 0.000163423, 0.000301799, 8.2531e-05, 835, 682, 2619
0.000194522, 6.5005e-05, 0.000128079, 3.9895e-05, 841, 671, 2970
0.000334238, 0.000125095, 0.000207397, 6.6673e-05, 846, 660, 2835
0.000387413, 0.000112626, 0.000272238, 9.5136e-05, 869, 702, 4050
0.000176751, 6.518e-05, 0.000107996, 2.9856e-05, 896, 720, 2403
0.000429936, 0.000172944, 0.000254442, 8.2456e-05, 856, 683, 2619
0.000325326, 0.000135336, 0.000187855, 6.362e-05, 841, 657, 2808
0.000252457, 0.000102657, 0.000148371, 4.6024e-05, 830, 646, 2889
0.000513617, 0.000200997, 0.00030999, 9.0862e-05, 860, 685, 2862
0.000334145, 0.000105669, 0.00022644, 8.2972e-05, 840, 663, 4023
0.000333353, 0.000116504, 0.000214895, 7.9947e-05, 853, 662, 3213
0.000483954, 0.000186571, 0.000295042, 0.000100824, 833, 658, 3132
0.000345876, 0.000132192, 0.000209292, 6.9223e-05, 844, 656, 2430
0.00026029, 0.000110821, 0.000147488, 4.6491e-05, 820, 613, 2133
0.00012926, 5.2457e-05, 7.5627e-05, 1.9173e-05, 834, 615, 1701
0.000372146, 0.000157807, 0.000212082, 7.204e-05, 838, 628, 2403
0.000410128, 0.000172567, 0.00023457, 6.0114e-05, 818, 607, 2187
0.000270713, 0.000110964, 0.000156528, 4.695e-05, 817, 583, 1782
0.000272143, 0.000111025, 0.000158085, 4.6269e-05, 829, 626, 1809
0.000326153, 0.00012758, 0.000195994, 6.5467e-05, 853, 618, 2295
0.000272377, 0.000119732, 0.000149108, 4.4515e-05, 834, 628, 1620
0.000157756, 7.3728e-05, 8.0784e-05, 2.1474e-05, 816, 552, 1539
0.000200766, 9.8458e-05, 0.00010083, 2.0247e-05, 840, 630, 1107
0.00041794, 0.000191327, 0.000224253, 6.321e-05, 852, 607, 1755
0.000239083, 0.000111354, 0.000123272, 2.832e-05, 829, 632, 1053
0.000177984, 8.8789e-05, 8.532e-05, 2.3341e-05, 808, 564, 1296
0.000246102, 0.000106163, 0.000136101, 3.5738e-05, 837, 621, 1431
0.000235688, 0.000109994, 0.000124357, 4.0602e-05, 849, 623, 1863
0.000117959, 5.3143e-05, 6.2752e-05, 1.4826e-05, 835, 636, 1161
0.000226305, 0.000104972, 0.000118851, 2.7013e-05, 812, 583, 1269
0.000125105, 5.5377e-05, 6.8649e-05, 1.8846e-05, 835, 614, 1377
0.000237573, 0.000107016, 0.000129047, 3.6154e-05, 846, 640, 1890
0.000169719, 6.1766e-05, 0.0001039, 2.8855e-05, 859, 650, 1863
0.000285563, 0.000124515, 0.000159473, 4.9561e-05, 845, 620, 1890
0.000328816, 0.000128738, 0.00019796, 5.2895e-05, 822, 644, 1836
0.000174874, 8.7254e-05, 8.5384e-05, 2.2212e-05, 871, 627, 1188
0.000265161, 0.000120116, 0.000143462, 3.9779e-05, 883, 648, 1728
0.000347128, 0.000164135, 0.000180298, 4.9435e-05, 856, 623, 1485
0.000200683, 9.7335e-05, 0.000101308, 2.5761e-05, 867, 629, 1404
0.000160685, 6.7611e-05, 8.9635e-05, 2.8212e-05, 890, 685, 2349
0.000171948, 6.1535e-05, 0.000109107, 3.0498e-05, 877, 695, 2430
0.000430388, 0.000185532, 0.000242543, 7.1009e-05, 887, 661, 2025
0.000309484, 0.000141162, 0.000166522, 4.681e-05, 896, 675, 2052
0.00137622, 9.9229e-05, 0.000163193, 8.5297e-05, 860, 679, 5535
0.000224209, 8.7524e-05, 0.000134996, 3.8475e-05, 878, 678, 2079
0.00025288, 0.000104769, 0.00014569, 4.1559e-05, 894, 708, 2187
0.000414114, 0.000176583, 0.000235473, 6.8998e-05, 869, 676, 2241
0.000388452, 0.000167895, 0.000218631, 6.6345e-05, 890, 713, 2430
0.000243563, 0.000108285, 0.000131349, 3.567e-05, 920, 693, 2160
0.00178111, 8.2385e-05, 0.000120807, 6.8479e-05, 890, 676, 3429
0.000436464, 0.000172384, 0.000261956, 6.7222e-05, 853, 665, 2025
0.00036058, 0.000111882, 0.000246485, 7.5546e-05, 890, 655, 3402
0.000295203, 0.000106826, 0.000186469, 5.2266e-05, 884, 667, 2484
0.00640197, 6.9743e-05, 8.6222e-05, 7.4275e-05, 850, 634, 3429
0.000192147, 6.9878e-05, 0.00012105, 3.6033e-05, 837, 621, 2187
0.000415955, 0.000180494, 0.000232081, 6.5207e-05, 809, 603, 1593
0.000251007, 0.000105027, 0.000141162, 3.6371e-05, 804, 625, 1809
0.00106714, 9.5337e-05, 0.000117016, 5.7711e-05, 811, 599, 3510
0.000256343, 7.8322e-05, 0.000174219, 5.68e-05, 766, 556, 3402
0.000263765, 9.4787e-05, 0.000166955, 5.0871e-05, 758, 503, 1944
0.00934393, 8.326e-05, 0.000133934, 0.000129676, 753, 533, 4752
0.00019741, 8.0323e-05, 0.000112785, 3.1855e-05, 757, 497, 1593
0.000180613, 7.5139e-05, 0.000101665, 3.0152e-05, 781, 541, 1917
0.000365237, 0.000157528, 0.000205312, 5.6969e-05, 775, 497, 1620
0.002893, 9.8022e-05, 0.000128894, 0.000131639, 783, 536, 4617
0.00021674, 9.5639e-05, 0.000117692, 3.0041e-05, 764, 449, 1593
0.000314521, 0.000134757, 0.000178016, 4.8435e-05, 787, 526, 1647
0.00300461, 0.000137055, 0.000195978, 0.00016391, 828, 498, 5076
0.000220944, 7.9246e-05, 0.000139512, 3.5973e-05, 844, 542, 1728
0.000131401, 5.2052e-05, 7.7057e-05, 2.0304e-05, 861, 493, 1458
0.00034, 0.000102802, 0.000232893, 6.2875e-05, 847, 563, 2025
0.00235105, 0.00010645, 0.000184197, 0.000135801, 888, 570, 4914
0.000243457, 9.6314e-05, 0.000144965, 3.5964e-05, 886, 596, 2079
0.000146101, 5.5935e-05, 8.7448e-05, 2.4954e-05, 868, 546, 2025
0.00162984, 0.000126321, 0.000156349, 9.6584e-05, 847, 589, 4077
0.000419834, 0.000177765, 0.000239594, 7.2564e-05, 853, 591, 2241
0.000276111, 0.000104566, 0.000167036, 4.876e-05, 829, 585, 2025
0.00163912, 8.7759e-05, 0.000113546, 8.3336e-05, 774, 537, 5103
0.000395788, 0.000172566, 0.000219716, 5.9413e-05, 780, 531, 1566
0.000328156, 0.000110492, 0.000212837, 6.4995e-05, 798, 584, 2592
0.00180789, 9.3654e-05, 0.000142641, 8.7516e-05, 774, 558, 4428
0.000366114, 0.0001621, 0.000202034, 5.2867e-05, 778, 558, 1512
0.000234248, 0.00010144, 0.000131453, 3.4923e-05, 784, 535, 1944
0.00119869, 9.2554e-05, 0.000107584, 7.0384e-05, 787, 541, 3942
0.000189241, 7.1791e-05, 0.000115784, 3.5077e-05, 782, 550, 2268
0.000261586, 0.000110847, 0.000147946, 4.1089e-05, 789, 522, 1944
0.000169906, 5.881e-05, 0.000110137, 3.4087e-05, 841, 569, 2808
0.00673455, 7.7778e-05, 0.000113558, 8.689e-05, 860, 594, 4077
0.000259129, 0.00011506, 0.000141296, 3.157e-05, 854, 515, 1107
0.000276959, 0.000108953, 0.000165994, 4.9086e-05, 873, 556, 2106
0.000245798, 9.0524e-05, 0.000151775, 5.0153e-05, 887, 577, 2835
0.00146568, 6.852e-05, 0.000106347, 7.9231e-05, 890, 591, 5373
0.000470805, 0.000176459, 0.00029212, 9.6492e-05, 892, 584, 2943
0.00242165, 0.000193342, 0.000233617, 0.000149762, 912, 590, 4482
0.000345927, 0.00011796, 0.000225681, 6.6951e-05, 933, 649, 2592
0.000432502, 0.000131742, 0.00029784, 0.000102498, 930, 634, 4293
0.000371934, 0.00013045, 0.000239276, 6.9515e-05, 960, 682, 2673
0.00224523, 0.000120853, 0.000206672, 0.000141162, 936, 636, 5238
0.000337306, 0.000125474, 0.000209518, 5.7476e-05, 950, 684, 2376
0.000349617, 0.000144179, 0.000204031, 5.6909e-05, 959, 653, 2592
0.0011817, 6.0307e-05, 9.2469e-05, 6.0524e-05, 931, 645, 5643
0.000601855, 0.000261684, 0.000336969, 0.000126506, 910, 553, 5346
0.0021255, 9.9111e-05, 0.000227001, 0.00014799, 872, 580, 6723
0.000551663, 0.000168075, 0.000381148, 0.000163269, 867, 509, 5211
0.000533997, 0.000188046, 0.000343173, 0.000134457, 917, 604, 3942
0.00304002, 0.000213059, 0.000294247, 0.000234385, 941, 554, 7317
0.000167483, 6.8291e-05, 9.7878e-05, 3.0161e-05, 971, 538, 2025
0.000242216, 0.000112714, 0.000127934, 4.1736e-05, 926, 499, 1782
0.000136871, 6.132e-05, 7.0811e-05, 2.1861e-05, 975, 529, 1836
0.000363976, 0.000166932, 0.000194796, 7.3417e-05, 997, 536, 2241
0.000413579, 0.000173923, 0.000237482, 7.7973e-05, 965, 562, 2322
0.000283901, 8.2631e-05, 0.000199762, 7.6651e-05, 989, 568, 4482
0.0118043, 9.4734e-05, 0.000232465, 0.000189523, 990, 596, 7290
0.000406061, 0.000118693, 0.000282567, 0.000112814, 967, 559, 4914
0.000308113, 0.000145373, 0.000160304, 5.1952e-05, 936, 571, 2133
0.000333546, 0.00015012, 0.000181709, 5.4922e-05, 956, 569, 1674
0.000228697, 9.337e-05, 0.000134014, 4.3785e-05, 973, 578, 2457
0.000384154, 0.000121692, 0.000260589, 9.9871e-05, 968, 598, 5454
0.000621606, 0.000141615, 0.000477622, 0.000196653, 1038, 676, 8451
0.000552879, 0.000223275, 0.000327382, 8.6675e-05, 1043, 669, 2565
0.00277758, 0.000241028, 0.000442032, 0.000246784, 1022, 680, 7614
0.000360584, 0.000112019, 0.000246342, 6.883e-05, 976, 617, 3024
0.000418389, 0.000156358, 0.000260134, 8.3647e-05, 920, 569, 3240
0.000289114, 9.6811e-05, 0.000191065, 7.3203e-05, 918, 590, 4644
0.00232076, 0.000169443, 0.000233638, 0.000183863, 925, 548, 5778
0.00028595, 0.000115099, 0.000168365, 4.9333e-05, 912, 551, 1755
0.000459016, 0.000167402, 0.00028916, 0.00011377, 910, 583, 2997
0.000419187, 0.000173728, 0.000243371, 8.1358e-05, 957, 597, 2484
0.000462856, 0.000191125, 0.000269305, 8.6095e-05, 951, 613, 2268
0.000412642, 0.000183296, 0.000226897, 6.7059e-05, 937, 554, 1836
0.000268009, 0.000118552, 0.000147742, 4.4866e-05, 936, 595, 2025
0.000173343, 5.9736e-05, 0.000112427, 3.6861e-05, 951, 573, 2916
0.000253473, 9.6966e-05, 0.00015516, 5.2525e-05, 948, 580, 3294
0.000450309, 0.000164495, 0.000283403, 0.000113257, 926, 548, 3861
0.000562556, 0.000197171, 0.000363436, 0.000132988, 950, 615, 4023
0.000756096, 0.00016774, 0.000583548, 0.000238476, 987, 647, 8073
0.000610164, 0.000230759, 0.000377561, 0.000113554, 1027, 708, 3294
0.000419704, 0.000140773, 0.000277572, 8.9216e-05, 999, 643, 4671
0.000887259, 9.8759e-05, 0.000151337, 8.0427e-05, 933, 601, 5238
0.000397279, 0.000172204, 0.00022183, 7.3672e-05, 931, 580, 2241
0.000636685, 0.000218805, 0.000415054, 0.00015999, 996, 707, 5373
0.00033895, 0.000137514, 0.000196594, 5.6578e-05, 1005, 622, 2322
0.000352925, 0.000134203, 0.000216784, 7.872e-05, 950, 635, 2862
0.000357157, 0.000147738, 0.00020703, 7.4885e-05, 931, 546, 2403
0.000556188, 0.000201737, 0.000351574, 0.00014093, 901, 589, 3915
0.000440021, 0.000183634, 0.000253925, 8.0072e-05, 938, 541, 2187
0.000229346, 9.157e-05, 0.000136625, 4.7232e-05, 922, 574, 2943
0.000303581, 0.000131303, 0.000169915, 5.6694e-05, 921, 573, 2322
0.00029069, 0.00013513, 0.000150663, 4.7967e-05, 901, 555, 1674
0.000241652, 0.000111652, 0.000126681, 3.6629e-05, 881, 523, 1404
0.000359338, 0.000165374, 0.000191532, 5.9073e-05, 928, 548, 1728
0.000269997, 0.000105563, 0.000162957, 5.4373e-05, 915, 573, 2295
0.000350773, 0.000157918, 0.000190698, 5.7901e-05, 926, 579, 1836
0.000182317, 8.4974e-05, 9.3396e-05, 2.3051e-05, 900, 528, 1134
0.000103104, 5.0112e-05, 5.1396e-05, 1.1599e-05, 932, 542, 1026
