TIME_STAMPE,EPX_TRAJ_FRONTEND,EXP_TRAJ_OPT,GENERATE_EXP_TRAJ,BACK_TRAJ_FRONTEND,BACK_TRAJ_OPT,GENERATE_BACK_TRAJ,TOTAL_REPLAN,VISUALIZATION
6.40388, 0.0010458, 0.00193813, 0.00304902, 0, 0, 0.000776291, 0.00387041, 0.000700917
6.47613, 0.00259621, 0.0049993, 0.00774446, 0, 0, 0.00164947, 0.00946875, 0.000536341
6.539, 0.00126098, 0.00308493, 0.00443791, 0, 0, 0.00122093, 0.0056978, 0.000272201
6.61055, 0.00389169, 0.00514455, 0.00918478, 0, 0, 0.0011994, 0.0105442, 0.000735092
6.67107, 0.0012317, 0.00229074, 0.00358847, 0, 0, 0.000783491, 0.00441041, 0.000239446
6.73777, 0.00136972, 0.00226217, 0.00370744, 0, 0, 0.000712085, 0.00446468, 0.000240321
6.81308, 0.00338151, 0.00801511, 0.0115971, 0, 0, 0.00137685, 0.0130815, 0.00060836
6.87619, 0.00233963, 0.0051972, 0.00766977, 0, 0, 0.00177897, 0.0095072, 0.000419941
6.94273, 0.00372782, 0.00440892, 0.00823897, 0, 0, 0.00107129, 0.00936971, 0.000479952
7.01121, 0.00321999, 0.00547494, 0.00883447, 0, 0, 0.00220148, 0.0111411, 0.000590109
7.07005, 0.00092404, 0.00158677, 0.00256311, 0, 0, 0.000756358, 0.00336397, 0.000210313
7.14471, 0.00369511, 0.00562763, 0.00950466, 0, 0, 0.00183186, 0.0113977, 0.000595107
7.20636, 0.00260837, 0.00248619, 0.00518553, 0, 0, 0.00110299, 0.00634618, 0.000343556
7.27784, 0.00327288, 0.00548794, 0.00891512, 0, 0, 0.00217807, 0.0111615, 0.000527038
7.34179, 0.00305639, 0.00398961, 0.0071366, 0, 0, 0.00123883, 0.0084712, 0.000511406
7.40462, 0.00158063, 0.00208434, 0.00373308, 0, 0, 0.000818743, 0.00460477, 0.00028366
7.47507, 0.00353467, 0.0032646, 0.00690447, 0, 0, 0.00142487, 0.0084112, 0.000568035
7.53828, 0.00117593, 0.00225591, 0.00352748, 0, 0, 0.00136909, 0.00494671, 0.000257642
7.60456, 0.00150543, 0.00205506, 0.00362513, 0, 0, 0.000821914, 0.00453006, 0.000320779
7.67532, 0.00341304, 0.0028329, 0.00639654, 0, 0, 0.0021594, 0.00863411, 0.000554529
7.73866, 0.00163159, 0.00247804, 0.00419101, 0, 0, 0.00111718, 0.00535132, 0.000296299
7.80731, 0.00247447, 0.00226764, 0.00490978, 0, 0, 0.00230279, 0.00728949, 0.000657003
7.87523, 0.00329643, 0.00286148, 0.00632689, 0, 0, 0.00219981, 0.00858385, 0.000423911
7.9432, 0.00474698, 0.00277714, 0.00769104, 0, 0, 0.00208375, 0.00985057, 0.000486916
8.00915, 0.00450604, 0.0026558, 0.00730503, 0, 0, 0.00173238, 0.00911713, 0.000436572
8.07305, 0.00404307, 0.00126287, 0.00536656, 0, 0, 0.000927311, 0.00635291, 0.000268476
8.1447, 0.00475013, 0.00246775, 0.00737799, 0, 0, 0.00327309, 0.0107581, 0.000545419
8.20261, 0.00118171, 0.000736841, 0.00196919, 0, 0, 0.000622313, 0.00262022, 0.000130566
8.27044, 0.00199488, 0.000974908, 0.00301908, 0, 0, 0.000736167, 0.00379444, 0.000190995
8.34057, 0.00289895, 0.00250953, 0.00560439, 0, 0, 0.00155902, 0.00723913, 0.00045081
8.40878, 0.00421534, 0.00328688, 0.0075817, 0, 0, 0.00105238, 0.00871881, 0.000414631
8.47616, 0.0023842, 0.00499801, 0.00752303, 0, 0, 0.00189782, 0.00949019, 0.000385366
8.53615, 0.00119272, 0.000981957, 0.00221384, 0, 0, 0.000601615, 0.00285196, 0.000162338
8.6067, 0.00178069, 0.00288034, 0.00478639, 0, 0, 0.00177853, 0.00663436, 0.000468805
8.67404, 0.00233348, 0.00315713, 0.00560728, 0, 0, 0.00157793, 0.00725373, 0.000465885
8.73712, 0.00225808, 0.000649322, 0.0029613, 0, 0, 0.000728861, 0.00373604, 0.00023661
8.80901, 0.0027077, 0.00289135, 0.00578379, 0, 0, 0.00304772, 0.00902032, 0.000692023
8.86993, 0.00122179, 0.000892539, 0.00217031, 0, 0, 0.00107244, 0.0032921, 0.000245299
8.93927, 0.00210906, 0.00196569, 0.00421434, 0, 0, 0.00164711, 0.00594138, 0.000498222
9.00702, 0.00252743, 0.00186637, 0.00461102, 0, 0, 0.00219896, 0.007008, 0.000719292
9.07072, 0.00103597, 0.00177919, 0.00288244, 0, 0, 0.00112925, 0.00406559, 0.000217838
9.13573, 0.000522216, 0.00128484, 0.001847, 0, 0, 0.000490667, 0.00240215, 0.00016099
9.20385, 0.00117698, 0.00190486, 0.00314911, 0, 0, 0.000650561, 0.00383865, 0.000256382
9.27136, 0.00108541, 0.00226323, 0.00344028, 0, 0, 0.00120886, 0.00470561, 0.000292812
9.33674, 0.000723308, 0.00173986, 0.00252526, 0, 0, 0.000844124, 0.00341709, 0.000209214
9.40349, 0.000922121, 0.00166391, 0.00265987, 0, 0, 0.000734692, 0.00345243, 0.000233974
9.47255, 0.00209048, 0.00306557, 0.00520916, 0, 0, 0.000638148, 0.00591305, 0.000424265
9.53575, 0.000525129, 0.00131025, 0.00190893, 0, 0, 0.000470994, 0.00242742, 0.000173217
9.60706, 0.00187343, 0.00379865, 0.00579363, 0, 0, 0.00114327, 0.00701732, 0.000442226
9.67537, 0.00123097, 0.0054785, 0.00686912, 0, 0, 0.00176346, 0.00870121, 0.000412956
9.73949, 0.00134172, 0.00346619, 0.00492892, 0, 0, 0.00113575, 0.00616016, 0.000409865
9.80488, 0.00103546, 0.00285603, 0.00395488, 0, 0, 0.000651896, 0.0047766, 0.000381843
9.87172, 0.000779569, 0.00341408, 0.00426423, 0, 0, 0.000777287, 0.00508368, 0.00020987
9.94095, 0.00170996, 0.0050706, 0.00686193, 0, 0, 0.000617849, 0.00753774, 0.000354965
10.0046, 0.0012165, 0.00170908, 0.0030299, 0, 0, 0.00146931, 0.00459614, 0.000363295
10.0692, 0.000466644, 0.00158271, 0.00209117, 0, 0, 0.000373791, 0.00250485, 0.000159719
10.1378, 0.00115386, 0.00248959, 0.0037131, 0, 0, 0.000694641, 0.00445749, 0.000251979
10.204, 0.000732645, 0.00243512, 0.00323012, 0, 0, 0.00065146, 0.00396361, 0.000228458
10.2715, 0.000939935, 0.00289927, 0.00392204, 0, 0, 0.00078595, 0.00477707, 0.000317072
10.3369, 0.000838864, 0.00175131, 0.0026669, 0, 0, 0.000820026, 0.00356255, 0.000280298
10.4057, 0.00155167, 0.0029407, 0.00460598, 0, 0, 0.000839705, 0.00561775, 0.000486106
10.4688, 0.000718134, 0.000455351, 0.0012469, 0, 0, 0.000834585, 0.00214054, 0.000250257
10.5339, 0, 0, 6.687e-06, 0, 0, 0.000566347, 0.00061517, 2.0288e-05
10.6014, 0, 0, 1.2429e-05, 0, 0, 0.00121562, 0.00137537, 0.000111151
10.6674, 0, 0, 6.643e-06, 0, 0, 0.00068194, 0.000745058, 3.1811e-05
10.7342, 0, 0, 8.021e-06, 0, 0, 0.000875928, 0.000947044, 3.0119e-05
10.8005, 0, 0, 5.961e-06, 0, 0, 0.000457304, 0.000531588, 3.9909e-05
10.8675, 0, 0, 6.4e-06, 0, 0, 0.000730878, 0.00077738, 2.0191e-05
10.9346, 0, 0, 1.0152e-05, 0, 0, 0.00119158, 0.00126764, 3.4342e-05
11.0011, 0, 0, 9.386e-06, 0, 0, 0.000746141, 0.000909517, 0.000125592
11.0671, 0, 0, 6.68e-06, 0, 0, 0.000443919, 0.000497347, 2.521e-05
11.1341, 0, 0, 1.0402e-05, 0, 0, 0.000758273, 0.000844315, 3.8007e-05
11.2004, 0, 0, 4.725e-06, 0, 0, 0.000311552, 0.000342113, 9.844e-06
11.2676, 0, 0, 1.2429e-05, 0, 0, 0.00084454, 0.000951933, 5.284e-05
11.3341, 0, 0, 9.181e-06, 0, 0, 0.000702629, 0.000768244, 3.2081e-05
11.4006, 0, 0, 8.545e-06, 0, 0, 0.000549635, 0.000611013, 2.0793e-05
11.4675, 0, 0, 8.651e-06, 0, 0, 0.000757735, 0.000831891, 3.1961e-05
11.5337, 0, 0, 5.757e-06, 0, 0, 0.000338049, 0.000384558, 2.2758e-05
11.6008, 0, 0, 1.0265e-05, 0, 0, 0.000655091, 0.000721421, 2.0286e-05
11.6669, 0, 0, 4.791e-06, 0, 0, 0.000208324, 0.000248777, 2.0934e-05
11.7343, 0, 0, 1.0758e-05, 0, 0, 0.000795107, 0.000900267, 5.9668e-05
11.8007, 0, 0, 8.345e-06, 0, 0, 0.000606287, 0.000688723, 4.0505e-05
11.8674, 0, 0, 9.739e-06, 0, 0, 0.000558043, 0.000644892, 4.8785e-05
11.9342, 0, 0, 1.0854e-05, 0, 0, 0.000726552, 0.000815609, 3.7696e-05
12.0003, 0, 0, 5.808e-06, 0, 0, 0.0001829, 0.000300615, 9.3557e-05
12.0671, 0, 0, 9.61e-06, 0, 0, 0.000366779, 0.000452571, 4.5638e-05
12.1338, 0, 0, 9.29e-06, 0, 0, 0.000419916, 0.000498656, 4.209e-05
12.2005, 0, 0, 8.042e-06, 0, 0, 0.000361964, 0.000486265, 9.3332e-05
12.267, 0, 0, 5.454e-06, 0, 0, 0.000167812, 0.000221614, 3.1772e-05
12.3336, 0, 0, 5.998e-06, 0, 0, 0.000258407, 0.000306086, 1.9622e-05
12.4002, 0, 0, 4.413e-06, 0, 0, 0.00017479, 0.000234907, 3.8963e-05
12.4671, 0, 0, 2.4731e-05, 0, 0, 0.000374511, 0.000466592, 3.1485e-05
12.5338, 0, 0, 6.973e-06, 0, 0, 0.000403386, 0.000471305, 3.5714e-05
12.6002, 0, 0, 4.142e-06, 0, 0, 0.000148079, 0.000215834, 4.7413e-05
12.7338, 0.000652584, 0.000566853, 4.681e-06, 0, 0, 0.000330235, 0.000390256, 0.000308487
12.8009, 0, 0, 8.26e-06, 0, 0, 0.000678291, 0.000856681, 0.000127757
12.867, 0, 0, 4.286e-06, 0, 0, 0.00030171, 0.00034246, 1.7738e-05
12.9339, 0, 0, 6.067e-06, 0, 0, 0.000439475, 0.000508313, 2.9548e-05
13.0007, 0, 0, 9.773e-06, 0, 0, 0.000485891, 0.000693059, 0.000158472
13.067, 0, 0, 4.288e-06, 0, 0, 0.000322867, 0.000374497, 2.5622e-05
13.1341, 0, 0, 8.134e-06, 0, 0, 0.000667173, 0.000746203, 3.7563e-05
13.2003, 0, 0, 4.065e-06, 0, 0, 0.000233295, 0.000307971, 4.4776e-05
13.2671, 0, 0, 5.071e-06, 0, 0, 0.000393696, 0.000468981, 3.6213e-05
13.3337, 0, 0, 3.821e-06, 0, 0, 0.00030114, 0.000354474, 2.7273e-05
13.4009, 0, 0, 7.958e-06, 0, 0, 0.000725202, 0.000833541, 6.5115e-05
13.4672, 0, 0, 3.783e-06, 0, 0, 0.000276709, 0.000452238, 0.000146245
13.5337, 0, 0, 4.312e-06, 0, 0, 0.000310529, 0.00035108, 1.7535e-05
13.6006, 0, 0, 7.56e-06, 0, 0, 0.000399054, 0.00052817, 8.5698e-05
13.6669, 0, 0, 4.171e-06, 0, 0, 0.000265288, 0.000306349, 1.8679e-05
13.7338, 0, 0, 6.647e-06, 0, 0, 0.000404682, 0.000479251, 3.4622e-05
13.8005, 0, 0, 5.648e-06, 0, 0, 0.00038494, 0.000468613, 5.4529e-05
13.8669, 0, 0, 4.332e-06, 0, 0, 0.000183443, 0.000230347, 2.2937e-05
13.9338, 0, 0, 6.84e-06, 0, 0, 0.000364304, 0.000446429, 4.4644e-05
14.0003, 0, 0, 5.276e-06, 0, 0, 0.000259652, 0.000307015, 2.2124e-05
14.0673, 0, 0, 8.326e-06, 0, 0, 0.000582396, 0.000665737, 4.165e-05
14.1336, 0, 0, 5.082e-06, 0, 0, 0.000286179, 0.000338012, 2.7275e-05
14.2007, 0, 0, 7.733e-06, 0, 0, 0.000522355, 0.000675843, 0.000111051
14.2673, 0, 0, 8.066e-06, 0, 0, 0.000516234, 0.000604153, 4.4023e-05
14.3336, 0, 0, 4.842e-06, 0, 0, 0.000225629, 0.000273377, 2.3493e-05
14.4007, 0, 0, 7.34e-06, 0, 0, 0.000491075, 0.000645493, 0.000114323
14.4669, 0, 0, 3.959e-06, 0, 0, 0.000201467, 0.000242419, 1.6837e-05
14.5339, 0, 0, 7.693e-06, 0, 0, 0.000484792, 0.000583196, 5.5682e-05
14.734, 0.000475832, 0.000283127, 7.913e-06, 0, 0, 0.00052322, 0.000622917, 0.000234292
14.8003, 0, 0, 3.83e-06, 0, 0, 0.000254456, 0.000299383, 2.2588e-05
14.8672, 0, 0, 7.789e-06, 0, 0, 0.000388398, 0.000479753, 4.5085e-05
14.9341, 0, 0, 7.602e-06, 0, 0, 0.000557995, 0.000636434, 3.8888e-05
15.0005, 0, 0, 6.829e-06, 0, 0, 0.000309099, 0.000455588, 0.000108264
15.0674, 0, 0, 7.754e-06, 0, 0, 0.000404506, 0.000554849, 0.000106918
15.1335, 0, 0, 3.443e-06, 0, 0, 0.0001325, 0.000184049, 2.8591e-05
15.2006, 0, 0, 6.015e-06, 0, 0, 0.000455746, 0.000563473, 6.8596e-05
15.2668, 0, 0, 3.071e-06, 0, 0, 0.00014189, 0.000176581, 1.6316e-05
15.3335, 0, 0, 3.776e-06, 0, 0, 0.000152254, 0.000204023, 2.5708e-05
15.4003, 0, 0, 3.309e-06, 0, 0, 0.0002457, 0.000302244, 3.2763e-05
15.4669, 0, 0, 8.96e-06, 0, 0, 0.000238069, 0.000293118, 2.4886e-05
15.5335, 0, 0, 3.654e-06, 0, 0, 0.000151558, 0.000211131, 3.5453e-05
15.6007, 0, 0, 6.807e-06, 0, 0, 0.000469402, 0.000570213, 5.6157e-05
15.6669, 0, 0, 5.031e-06, 0, 0, 0.000217826, 0.000261311, 2.0606e-05
15.7338, 0, 0, 6.809e-06, 0, 0, 0.000433146, 0.000519601, 3.9613e-05
19.1507, 0.00607267, 0.00606368, 0.0122504, 0.000473093, 0.00272934, 0.00500443, 0.0173303, 0.000856487
19.218, 0.00616937, 0.00706118, 0.0133499, 0.000849076, 0.00174693, 0.00459342, 0.0180203, 0.000547397
19.2755, 0.00350697, 0.00202977, 0.0056173, 0.000549116, 0.00138595, 0.00319517, 0.00885217, 0.000354433
19.3458, 0.00418487, 0.00503458, 0.00933908, 0.000454341, 0.00135367, 0.00302545, 0.0124341, 0.000568052
19.4094, 0.00270021, 0.00186974, 0.00463953, 0.000735179, 0.00224739, 0.00468235, 0.00939567, 0.000349112
19.474, 0.00152756, 0.00153147, 0.00314311, 0.000637918, 0.00193678, 0.00408, 0.00727991, 0.000296837
19.5438, 0.00353455, 0.00483386, 0.00847211, 0.000324825, 0.000852614, 0.0019932, 0.0105179, 0.000404521
19.6063, 0.0019469, 0.00137922, 0.00339815, 0.000568853, 0.00122712, 0.00282511, 0.006285, 0.000233823
19.6794, 0.00436562, 0.00581821, 0.0102652, 0.000231901, 0.00104659, 0.00243688, 0.0127809, 0.000433062
19.7504, 0.00508937, 0.00317796, 0.00838344, 0.00157823, 0.00422845, 0.00864279, 0.017084, 0.000547942
19.8069, 0.0023018, 0.00297524, 0.00533463, 0.000156258, 0.000717095, 0.00150144, 0.00688282, 0.000228166
19.8824, 0.00836592, 0.0026888, 0.0111974, 0.00150858, 0.00143165, 0.00437059, 0.0156702, 0.000654164
19.9415, 0.00337195, 0.00168743, 0.00512884, 0.00054743, 0.00140372, 0.0029702, 0.00813105, 0.000305505
20.0186, 0.00778978, 0.00717374, 0.0150726, 0.000339825, 0.001783, 0.00340727, 0.0185519, 0.000622901
20.0805, 0.00571657, 0.00621591, 0.0119907, 0.000551836, 0.000555187, 0.00173402, 0.0137895, 0.000377055
20.1498, 0.00329931, 0.0103594, 0.0137316, 0.000662136, 0.000923061, 0.00266567, 0.0164322, 0.000299916
20.2047, 0.00428355, 0.000169694, 0.00450587, 0, 0, 0, 0.00465507, 0.000429118
20.2756, 0.00315055, 0.00392249, 0.00714085, 0.000157279, 0.000881496, 0.00167835, 0.00887198, 0.000334233
20.3361, 0.00257363, 0.000115522, 0.00274844, 0, 0, 0, 0.0027836, 0.000245001
20.4081, 0.0018603, 0.00213712, 0.00407452, 0.000963435, 0.00160469, 0.00391051, 0.00805278, 0.000282572
20.4835, 0.00321748, 0.00833952, 0.0116496, 0.000985769, 0.00272768, 0.00519569, 0.0168916, 0.000325328
20.5524, 0.00209722, 0.0141926, 0.0163475, 0.000479352, 0.00100658, 0.00270693, 0.0191092, 0.00027918
20.608, 0.00293462, 0.00288933, 0.00588745, 0.000831092, 0.000687149, 0.00204623, 0.00797813, 0.000236197
20.69, 0.006257, 0.010986, 0.0173912, 0.00131088, 0.00317186, 0.00582728, 0.0233175, 0.000588161
20.7553, 0.00649479, 0.0118977, 0.0184736, 0.000447874, 0.00162131, 0.00323192, 0.0218804, 0.000633173
20.8106, 0.00282092, 0.00606741, 0.0089733, 0.000431597, 0.000568531, 0.001477, 0.0105231, 0.000377854
20.8801, 0.00680351, 0.0041136, 0.0110325, 0.000500016, 0.000958858, 0.00223531, 0.013369, 0.000614832
20.9394, 0.00191727, 0.00119782, 0.00318074, 0.000338549, 0.00134352, 0.00285884, 0.00607988, 0.000230375
21.0132, 0.0044136, 0.00560999, 0.0100986, 0.000653475, 0.00127106, 0.00293228, 0.0131449, 0.000600895
21.0728, 0.003479, 0.000716179, 0.00425452, 0.000368126, 0.000693248, 0.00184478, 0.00615892, 0.000388808
21.1425, 0.00430231, 0.00204998, 0.00645216, 0.000718339, 0.00116084, 0.00262919, 0.00914223, 0.000570384
21.2101, 0.00462345, 0.0013586, 0.00609474, 0.00167065, 0.00111754, 0.00378475, 0.00995839, 0.000492518
21.2756, 0.00241088, 0.00292663, 0.00541012, 0.000886965, 0.00100169, 0.00353346, 0.0090023, 0.000324515
21.344, 0.00394258, 0.00171994, 0.00577397, 0.00171575, 0.00187699, 0.00479026, 0.010632, 0.000546009
21.4072, 0.00161478, 0.00191936, 0.00360789, 0.00102035, 0.00137417, 0.00347463, 0.0071467, 0.000335779
21.4804, 0.00526303, 0.00607756, 0.0114137, 0.000623208, 0.000862018, 0.00221962, 0.0137174, 0.000627577
21.5442, 0.00379656, 0.00111428, 0.00506612, 0.0019115, 0.00186899, 0.0056395, 0.0107984, 0.000704432
21.6037, 0.00118549, 0.000501773, 0.00173221, 0.000669662, 0.00063245, 0.00189609, 0.00365419, 0.000219079
21.6786, 0.00280644, 0.00552501, 0.00846897, 0.000842136, 0.00130297, 0.00339046, 0.0119322, 0.000601048
21.7489, 0.00412667, 0.00499644, 0.00923803, 0.00112254, 0.00275099, 0.0063354, 0.01562, 0.000475325
21.8149, 0.00443339, 0.00521077, 0.00975119, 0.000903447, 0.00268952, 0.00505391, 0.0149325, 0.000629626
21.8739, 0.00379998, 0.000586691, 0.00444309, 0.000746076, 0.000950036, 0.00276388, 0.00728337, 0.000396963
21.9387, 0.000907343, 0.00215485, 0.00311141, 0.000286382, 0.00103233, 0.00214469, 0.00532946, 0.000222565
22.0108, 0.00245353, 0.00367991, 0.00624174, 0.00087885, 0.00211476, 0.00447282, 0.010812, 0.000434144
22.0769, 0.00230669, 0.00448768, 0.00701265, 0.000616424, 0.00134094, 0.00323247, 0.0102947, 0.000527029
22.1392, 0.00180987, 0.000898541, 0.00277473, 0.000991622, 0.00112736, 0.00302391, 0.00583827, 0.000283967
22.2138, 0.00371959, 0.00465337, 0.00847738, 0.000826448, 0.00232353, 0.00521192, 0.0137911, 0.000526739
22.2736, 0.00177574, 0.00253084, 0.00437099, 0.000490509, 0.000993725, 0.00249284, 0.0069159, 0.000346082
22.3461, 0.00418237, 0.00277741, 0.00707717, 0.00147181, 0.00248392, 0.00552152, 0.0127157, 0.000628786
22.4074, 0.00148313, 0.00281153, 0.00434543, 0.000298975, 0.00189042, 0.00300328, 0.0073894, 0.000226911
22.4769, 0.00375193, 0.00204314, 0.00589176, 0.00127391, 0.00160997, 0.00429112, 0.010294, 0.000578206
22.5445, 0.00352437, 0.00467341, 0.00826698, 0.000387881, 0.00162306, 0.00278054, 0.0111017, 0.000484274
22.6066, 0.00120686, 0.00297415, 0.00423823, 0.000323351, 0.00113503, 0.00222426, 0.00658442, 0.000306106
22.6751, 0.00284395, 0.00142859, 0.00434342, 0.00102391, 0.00181958, 0.00402255, 0.0084285, 0.000509931
22.7383, 0.00114865, 0.00110148, 0.00228791, 0.000521015, 0.00117048, 0.00260013, 0.00491627, 0.000190311
22.8111, 0.00165109, 0.00202856, 0.00375563, 0.00120723, 0.00345569, 0.00726837, 0.0111162, 0.000362255
22.8809, 0.00224476, 0.00219163, 0.0045177, 0.00137355, 0.00643278, 0.00952709, 0.0141044, 0.000371856
22.959, 0.00279875, 0.00563042, 0.00851409, 0.00098443, 0.00707066, 0.0170026, 0.0255748, 0.00045917
23.0238, 0.00474341, 0.0157544, 0.020572, 0.000360484, 0.00130812, 0.00308994, 0.0238187, 0.000586543
23.0789, 0.00181934, 0.0085407, 0.0104137, 0.00020276, 0.000854714, 0.00181056, 0.0122551, 0.000231124
23.1458, 0.00257188, 0.00230491, 0.00499118, 0.000746753, 0.00364802, 0.00741273, 0.0124562, 0.000408566
23.2071, 0.00225374, 0.00165082, 0.00397324, 0.000417393, 0.00148434, 0.00314434, 0.00717893, 0.000318879
23.2736, 0.00211487, 0.000245232, 0.00243273, 0.000745732, 0.00231337, 0.00437922, 0.00687332, 0.000329775
23.3385, 0.00177097, 0.00019627, 0.00205716, 0.000668622, 0.0012312, 0.00306671, 0.0051706, 0.000359461
23.4046, 0.000796019, 0.000131989, 0.000965904, 0.00039322, 0.00218946, 0.00364526, 0.00464998, 0.000176367
23.4738, 0, 0, 1.0473e-05, 0.000952566, 0.00451041, 0.00710462, 0.00717626, 4.1343e-05
23.5449, 0, 0, 9.908e-06, 0.00132879, 0.00624741, 0.0113119, 0.0114037, 9.1211e-05
23.6131, 0, 0, 6.925e-06, 0.00077092, 0.0101272, 0.013019, 0.013122, 8.4805e-05
23.6823, 0, 0, 1.2158e-05, 0.00144746, 0.0110109, 0.0155171, 0.0156092, 5.5772e-05
23.7381, 0, 0, 7.416e-06, 0.000604131, 0.00253376, 0.00464875, 0.00470688, 5.9236e-05
23.8112, 0, 0, 1.4034e-05, 0.00140534, 0.00609789, 0.0109851, 0.0111241, 9.4377e-05
23.8733, 0, 0, 8.178e-06, 0.0006565, 0.00279755, 0.00653882, 0.00661565, 3.9782e-05
23.9407, 0, 0, 1.3396e-05, 0.000967477, 0.00396589, 0.00723638, 0.00731372, 4.1104e-05
24.0063, 0, 0, 1.2189e-05, 0.000621934, 0.00355488, 0.00616714, 0.00629649, 7.2508e-05
24.0693, 0, 0, 5.874e-06, 0.000322795, 0.00122775, 0.00261801, 0.00265718, 2.3012e-05
24.1415, 0, 0, 1.0178e-05, 0.000817093, 0.00396633, 0.0080556, 0.00820975, 9.891e-05
24.2023, 0, 0, 5.626e-06, 0.000284605, 0.00119821, 0.00214597, 0.002174, 8.654e-06
24.2722, 0, 0, 1.0977e-05, 0.000531611, 0.00284198, 0.00539873, 0.00550967, 5.5568e-05
24.334, 0, 0, 9.43e-06, 0, 0, 0.000496695, 0.000567448, 3.0566e-05
24.4046, 0, 0, 1.2016e-05, 0.00045838, 0.00307027, 0.00441451, 0.00456524, 0.000125365
24.4757, 0, 0, 9.026e-06, 0.000485564, 0.00701707, 0.00895875, 0.00901594, 3.2893e-05
24.5395, 0, 0, 5.496e-06, 0.000258152, 0.00483188, 0.00604691, 0.00609322, 1.8006e-05
24.6012, 0, 0, 1.118e-05, 0, 0, 0.00100666, 0.00115639, 0.000105237
24.668, 0, 0, 1.0105e-05, 0, 0, 0.00125051, 0.00135796, 6.3724e-05
24.734, 0, 0, 6.435e-06, 0, 0, 0.000599549, 0.000673758, 3.963e-05
24.8016, 0, 0, 1.218e-05, 0, 0, 0.00135609, 0.00156565, 0.000154614
24.8674, 0, 0, 5.51e-06, 0, 0, 0.000627742, 0.000698293, 3.7013e-05
24.9348, 0, 0, 1.1651e-05, 0, 0, 0.00132739, 0.00145622, 7.5506e-05
25.001, 0, 0, 9.802e-06, 0, 0, 0.000779602, 0.000985232, 0.000161499
25.0677, 0, 0, 9.396e-06, 0, 0, 0.000962216, 0.00104832, 3.9385e-05
25.1337, 0, 0, 5.192e-06, 0, 0, 0.000307416, 0.000360004, 2.7551e-05
25.2005, 0, 0, 6.456e-06, 0, 0, 0.000504391, 0.000553418, 1.5693e-05
25.2671, 0, 0, 7.307e-06, 0, 0, 0.000471751, 0.000528842, 2.4145e-05
25.3338, 0, 0, 7.191e-06, 0, 0, 0.000487803, 0.000535246, 1.9841e-05
25.4003, 0, 0, 4.145e-06, 0, 0, 0.000271621, 0.000312812, 1.4742e-05
25.4672, 0, 0, 6.261e-06, 0, 0, 0.000468452, 0.000515489, 2.1227e-05
25.5336, 0, 0, 4.927e-06, 0, 0, 0.000299781, 0.000335053, 1.3888e-05
25.601, 0, 0, 8.547e-06, 0, 0, 0.000764192, 0.000926963, 0.000127775
25.6674, 0, 0, 8.353e-06, 0, 0, 0.000649999, 0.000722814, 3.4408e-05
25.7341, 0, 0, 9.981e-06, 0, 0, 0.000640301, 0.000741997, 4.3556e-05
25.801, 0, 0, 1.3247e-05, 0, 0, 0.000751658, 0.000942897, 0.000143218
25.8669, 0, 0, 5.733e-06, 0, 0, 0.000199735, 0.000240767, 1.8887e-05
25.9342, 0, 0, 1.11e-05, 0, 0, 0.000767402, 0.000873893, 5.6514e-05
26.0006, 0, 0, 7.528e-06, 0, 0, 0.000384671, 0.000520829, 0.000106281
26.0676, 0, 0, 1.1945e-05, 0, 0, 0.000738217, 0.000834635, 4.8413e-05
26.134, 0, 0, 8.672e-06, 0, 0, 0.000446817, 0.000550371, 5.9218e-05
26.2005, 0, 0, 5.237e-06, 0, 0, 0.000304019, 0.000342644, 1.3708e-05
26.2673, 0, 0, 8.894e-06, 0, 0, 0.000493876, 0.000570934, 3.8805e-05
26.3339, 0, 0, 6.676e-06, 0, 0, 0.000478377, 0.000529233, 2.5182e-05
26.4009, 0, 0, 1.1343e-05, 0, 0, 0.00070128, 0.000821931, 6.7665e-05
26.4674, 0, 0, 1.09e-05, 0, 0, 0.000651261, 0.000742298, 4.3414e-05
26.5337, 0, 0, 6.385e-06, 0, 0, 0.000313467, 0.000363416, 2.29e-05
26.6007, 0, 0, 1.0081e-05, 0, 0, 0.000519916, 0.000635442, 6.3745e-05
26.6674, 0, 0, 1.0602e-05, 0, 0, 0.000655392, 0.000771419, 6.9404e-05
26.7343, 0, 0, 1.2346e-05, 0, 0, 0.000671892, 0.000784386, 5.8353e-05
26.8006, 0, 0, 8.595e-06, 0, 0, 0.000427361, 0.000504661, 2.9569e-05
27.0005, 0.000277731, 0.000197645, 4.405e-06, 0, 0, 0.000353907, 0.000475738, 0.000205982
27.0674, 0, 0, 7.659e-06, 0, 0, 0.000670369, 0.000762991, 4.553e-05
27.1342, 0, 0, 8.154e-06, 0, 0, 0.000727272, 0.000810135, 3.8138e-05
27.2003, 0, 0, 4.077e-06, 0, 0, 0.000227288, 0.000291753, 4.4228e-05
27.2675, 0, 0, 9.035e-06, 0, 0, 0.000696095, 0.000808582, 6.5774e-05
27.3338, 0, 0, 4.578e-06, 0, 0, 0.000391712, 0.000448294, 3.0976e-05
27.4009, 0, 0, 9.882e-06, 0, 0, 0.00070731, 0.000896454, 0.000134462
27.4674, 0, 0, 9.479e-06, 0, 0, 0.000666833, 0.000781497, 6.4104e-05
27.5336, 0, 0, 1.0056e-05, 0, 0, 0.000198815, 0.000245973, 1.8479e-05
27.6005, 0, 0, 3.612e-06, 0, 0, 0.000320932, 0.000459019, 0.000113355
27.6672, 0, 0, 5.543e-06, 0, 0, 0.000488628, 0.00055983, 3.7458e-05
27.7341, 0, 0, 7.263e-06, 0, 0, 0.000623774, 0.000723249, 5.6496e-05
27.8008, 0, 0, 7.375e-06, 0, 0, 0.000632339, 0.000742505, 6.263e-05
27.867, 0, 0, 4.785e-06, 0, 0, 0.000269653, 0.000315495, 2.2017e-05
27.9341, 0, 0, 7.949e-06, 0, 0, 0.000604193, 0.000709566, 6.2064e-05
28.0006, 0, 0, 4.74e-06, 0, 0, 0.000380481, 0.000556783, 0.000142344
28.0675, 0, 0, 6.996e-06, 0, 0, 0.000594118, 0.000685711, 5.0305e-05
28.1338, 0, 0, 6.924e-06, 0, 0, 0.000365753, 0.000447574, 4.4516e-05
28.2004, 0, 0, 4.283e-06, 0, 0, 0.000234822, 0.000278442, 1.926e-05
28.2669, 0, 0, 3.677e-06, 0, 0, 0.000173823, 0.000232245, 2.926e-05
28.3337, 0, 0, 3.916e-06, 0, 0, 0.000266072, 0.000313435, 2.5601e-05
28.4006, 0, 0, 1.2045e-05, 0, 0, 0.000402189, 0.000512596, 6.0326e-05
28.4674, 0, 0, 7.924e-06, 0, 0, 0.000618908, 0.000727486, 5.5326e-05
28.5337, 0, 0, 4.964e-06, 0, 0, 0.000333427, 0.000391483, 2.5665e-05
28.6006, 0, 0, 6.015e-06, 0, 0, 0.000474842, 0.000545535, 3.6353e-05
28.6669, 0, 0, 5.048e-06, 0, 0, 0.000246958, 0.000296574, 2.5585e-05
28.734, 0, 0, 1.0755e-05, 0, 0, 0.000520852, 0.000634008, 6.6961e-05
28.8007, 0, 0, 7.147e-06, 0, 0, 0.000501583, 0.000667432, 0.000123831
28.9338, 0.000730781, 0.000377424, 8.355e-06, 0, 0, 0.000415266, 0.000488098, 0.000304372
29.0003, 0, 0, 4.763e-06, 0, 0, 0.000249127, 0.000295978, 2.1232e-05
29.0672, 0, 0, 8.054e-06, 0, 0, 0.000397571, 0.000474197, 3.3907e-05
29.1338, 0, 0, 5.353e-06, 0, 0, 0.000369804, 0.000419976, 2.2581e-05
29.2007, 0, 0, 8.686e-06, 0, 0, 0.000411704, 0.000687355, 0.000228392
29.2672, 0, 0, 7.298e-06, 0, 0, 0.000424683, 0.00050533, 4.032e-05
29.3336, 0, 0, 4.427e-06, 0, 0, 0.000260261, 0.000305666, 2.1845e-05
29.4004, 0, 0, 4.125e-06, 0, 0, 0.000255041, 0.000362654, 7.3517e-05
29.4671, 0, 0, 4.62e-06, 0, 0, 0.000367837, 0.000424733, 2.7727e-05
29.534, 0, 0, 7.781e-06, 0, 0, 0.000544019, 0.000626629, 4.2945e-05
29.6004, 0, 0, 5.689e-06, 0, 0, 0.000289843, 0.000367237, 4.6395e-05
29.6668, 0, 0, 3.574e-06, 0, 0, 0.00014789, 0.000212776, 4.4547e-05
29.7338, 0, 0, 6.56e-06, 0, 0, 0.00034828, 0.000445368, 5.7011e-05
29.8004, 0, 0, 4.848e-06, 0, 0, 0.000285126, 0.000332966, 1.8985e-05
29.8673, 0, 0, 7.623e-06, 0, 0, 0.000502225, 0.000600302, 5.6353e-05
29.9337, 0, 0, 4.95e-06, 0, 0, 0.000271688, 0.000342767, 4.0536e-05
30.0002, 0, 0, 2.908e-06, 0, 0, 0.000145119, 0.000238914, 7.5389e-05
30.0668, 0, 0, 7.714e-06, 0, 0, 8.87e-07, 8.7051e-05, 3.9512e-05
34.4091, 0.00177611, 0.00392197, 0.0057672, 0.000306937, 0.00165368, 0.00318839, 0.00902077, 0.000904315
34.4812, 0.00438309, 0.00684585, 0.0113928, 0.000590119, 0.000984628, 0.00304884, 0.0145247, 0.000575225
34.5463, 0.00296916, 0.00494965, 0.00807968, 0.000537433, 0.0027497, 0.00486963, 0.0130302, 0.000499389
34.609, 0.00258795, 0.0010706, 0.00372987, 0.000858322, 0.00340715, 0.00522548, 0.00903148, 0.000309767
34.6785, 0.00287293, 0.00546034, 0.00844612, 0.000503792, 0.00164971, 0.00327123, 0.0117872, 0.000428129
34.7379, 0.00123248, 0.000557378, 0.00183572, 0.000507813, 0.00117813, 0.00265229, 0.00455707, 0.000215722
34.8063, 0.00196662, 0.002487, 0.00451051, 0.000191508, 0.000909141, 0.00181253, 0.00635748, 0.000215129
34.8793, 0.00283264, 0.00125865, 0.00418086, 0.000880733, 0.005285, 0.00833532, 0.012558, 0.000361067
34.9397, 0.00160113, 0.00255618, 0.00420889, 0.000238574, 0.000965758, 0.00201123, 0.0062772, 0.000203852
35.0165, 0.00389395, 0.00832216, 0.0122972, 0.000438074, 0.00141389, 0.0041873, 0.0165654, 0.000391021
35.0733, 0.00102362, 0.00250679, 0.00358306, 0.000267262, 0.00170654, 0.00296375, 0.00657971, 0.000146281
35.1495, 0.00275848, 0.00823364, 0.0110638, 0.000270966, 0.00193392, 0.00504386, 0.0161581, 0.000354316
35.2094, 0.00344984, 0.00151592, 0.00507496, 0.00105842, 0.00202987, 0.00401253, 0.00928621, 0.000584311
35.2806, 0.00378124, 0.0072422, 0.0110941, 0.000400295, 0.00161228, 0.0027726, 0.0139447, 0.00044327
35.3428, 0.00306998, 0.00156182, 0.00473541, 0.00109173, 0.00217673, 0.00463997, 0.00945257, 0.000441648
35.4049, 0.00119488, 0.000988027, 0.00223074, 0.00054699, 0.00111013, 0.00261515, 0.00489992, 0.000198287
35.4788, 0.00363993, 0.00499873, 0.00870537, 0.000439458, 0.00196497, 0.00331906, 0.0121243, 0.000402359
35.5408, 0.00203247, 0.00175612, 0.00387484, 0.000568775, 0.00187396, 0.00354697, 0.00749445, 0.000352584
35.6147, 0.00218393, 0.00190689, 0.00415435, 0.000560433, 0.00234208, 0.010412, 0.0146445, 0.000290918
35.6701, 0.00100344, 0.000572551, 0.0016174, 0.00026623, 0.000953558, 0.00184928, 0.00350505, 0.000171271
35.7424, 0.00168875, 0.00340073, 0.00514733, 0.000783669, 0.00206308, 0.00382744, 0.00900771, 0.000225162
35.8213, 0.00255232, 0.00228293, 0.00495609, 0.00148777, 0.00885463, 0.0162604, 0.0212804, 0.000439629
35.8839, 0.00227269, 0.00320646, 0.00559788, 0.000966489, 0.00413123, 0.0115601, 0.0172568, 0.000435306
35.9441, 0.00144297, 0.00157487, 0.00308153, 0.000529942, 0.00317163, 0.00756597, 0.0107045, 0.000206301
36.0244, 0.00245889, 0.00271188, 0.00530632, 0.00114111, 0.00566487, 0.0189948, 0.0243905, 0.000488429
36.0816, 0.00105074, 0.00117669, 0.00228897, 0.000604362, 0.00313188, 0.0125784, 0.0149089, 0.000222262
36.1646, 0.00119906, 0.00243801, 0.0037448, 0.00100168, 0.0159, 0.0273982, 0.031208, 0.000335236
36.2254, 0.00113811, 0.00201439, 0.00321188, 0.000398521, 0.00861509, 0.0221141, 0.0253915, 0.000258742
36.2953, 0.00177299, 0.00254075, 0.00440236, 0.00106672, 0.013667, 0.024136, 0.0286159, 0.000412159
36.3382, 0.000773304, 0.00286101, 0.003717, 0, 0, 0.00111628, 0.004885, 0.000231891
36.4034, 0.000834978, 0.00187858, 0.00276078, 0, 0, 0.000517219, 0.00331041, 0.000255044
36.4708, 0.000981263, 0.00241466, 0.00345013, 0, 0, 0.000635796, 0.00413157, 0.000252947
36.5381, 0.000903717, 0.00261952, 0.00361907, 0, 0, 0.00103314, 0.00471645, 0.000247829
36.6042, 0.00117277, 0.00195793, 0.00319764, 0, 0, 0.000906568, 0.00414712, 0.00024762
36.6746, 0.00161984, 0.00422237, 0.00597929, 0, 0, 0.00176297, 0.00784684, 0.000421422
36.7367, 0.000668679, 0.0022616, 0.0029821, 0, 0, 0.000380873, 0.00340928, 0.00017329
36.8067, 0.00132965, 0.0040715, 0.00550616, 0, 0, 0.0010183, 0.00662581, 0.00037443
36.8689, 0.000470109, 0.0013052, 0.00181872, 0, 0, 0.000418006, 0.00227077, 0.00015471
36.9349, 0.000462678, 0.000594652, 0.00110002, 0, 0, 0.000412865, 0.00155009, 0.00015858
37.0037, 0.000808505, 0.00243464, 0.0032908, 0, 0, 0.000323354, 0.00364824, 0.000186699
37.0712, 0.000591913, 0.0035686, 0.00423149, 0, 0, 0.000279782, 0.00455149, 0.000178171
37.1379, 0.00107809, 0.00204579, 0.00322931, 0, 0, 0.00123586, 0.00454063, 0.00031402
37.2013, 0.000728043, 0.000452134, 0.00120174, 0, 0, 0, 0.00126322, 0.000208608
37.2694, 0.000869746, 0.00112891, 0.00206837, 0, 0, 0.000589935, 0.00272141, 0.000265551
37.3362, 0.000925122, 0.000624507, 0.00166257, 0, 0, 0.00111938, 0.0028619, 0.000296868
37.4003, 0, 0, 4.965e-06, 0, 0, 0.000256885, 0.000298316, 1.7928e-05
37.4679, 0, 0, 1.321e-05, 0, 0, 0.00102896, 0.00112913, 4.4263e-05
37.5344, 0, 0, 1.0274e-05, 0, 0, 0.00095444, 0.00102926, 3.6483e-05
37.6011, 0, 0, 1.3943e-05, 0, 0, 0.000899644, 0.00100252, 5.1338e-05
37.6677, 0, 0, 1.5689e-05, 0, 0, 0.000937519, 0.00103072, 3.9799e-05
37.7336, 0, 0, 5.013e-06, 0, 0, 0.000230438, 0.000271869, 1.9056e-05
37.8008, 0, 0, 1.0752e-05, 0, 0, 0.000605798, 0.00071055, 5.9019e-05
37.8677, 0, 0, 1.6459e-05, 0, 0, 0.000923363, 0.00102163, 4.4633e-05
37.9341, 0, 0, 1.0916e-05, 0, 0, 0.000614426, 0.00070416, 3.9617e-05
38.0011, 0, 0, 1.2381e-05, 0, 0, 0.000847567, 0.00103243, 0.000128824
38.0671, 0, 0, 2.2673e-05, 0, 0, 0.000388884, 0.000457161, 2.5014e-05
38.1343, 0, 0, 1.1624e-05, 0, 0, 0.00091649, 0.00100274, 3.7976e-05
38.2006, 0, 0, 1.0569e-05, 0, 0, 0.000517368, 0.000603387, 4.9918e-05
38.2675, 0, 0, 1.4765e-05, 0, 0, 0.000730159, 0.000845302, 6.0727e-05
38.3341, 0, 0, 1.2871e-05, 0, 0, 0.00072999, 0.000839765, 5.4882e-05
38.4004, 0, 0, 7.157e-06, 0, 0, 0.000315549, 0.000353476, 1.2383e-05
38.467, 0, 0, 6.246e-06, 0, 0, 0.000250771, 0.000312618, 3.0488e-05
38.5337, 0, 0, 6.448e-06, 0, 0, 0.000298599, 0.000344754, 2.049e-05
38.6009, 0, 0, 1.4407e-05, 0, 0, 0.00063117, 0.000868132, 0.000182004
38.6675, 0, 0, 1.2816e-05, 0, 0, 0.000647033, 0.000778143, 4.8591e-05
38.7335, 0, 0, 5.607e-06, 0, 0, 0.000157967, 0.000207324, 2.8116e-05
38.8006, 0, 0, 1.0198e-05, 0, 0, 0.000429014, 0.00056779, 8.9858e-05
38.8669, 0, 0, 6.93e-06, 0, 0, 0.000264896, 0.000313653, 2.2455e-05
38.934, 0, 0, 1.4797e-05, 0, 0, 0.000573563, 0.000667808, 3.9413e-05
39.0005, 0, 0, 1.1501e-05, 0, 0, 0.000370784, 0.000474357, 5.336e-05
39.0668, 0, 0, 5.609e-06, 0, 0, 0.000107067, 0.000158659, 2.5929e-05
39.1338, 0, 0, 1.3495e-05, 0, 0, 0.000362812, 0.00045601, 4.1693e-05
39.2002, 0, 0, 5.878e-06, 0, 0, 0.000164759, 0.000202413, 1.4048e-05
39.267, 0, 0, 1.289e-05, 0, 0, 0.000238279, 0.000346191, 5.3936e-05
39.3336, 0, 0, 9.02e-06, 0, 0, 0.000230419, 0.000293234, 2.9185e-05
39.4002, 0, 0, 6.263e-06, 0, 0, 0.000122741, 0.000186763, 3.6378e-05
39.4668, 0, 0, 5.286e-06, 0, 0, 9.8235e-05, 0.000153528, 2.5586e-05
39.5335, 0, 0, 6.632e-06, 0, 0, 0.000154514, 0.00020212, 2.0445e-05
39.6668, 0.000515972, 0.000346942, 4.673e-06, 0, 0, 0.000145279, 0.000194325, 0.000189288
39.7336, 0, 0, 4.971e-06, 0, 0, 0.000175935, 0.000237245, 2.7511e-05
39.8005, 0, 0, 6.39e-06, 0, 0, 0.00036544, 0.000476704, 7.2196e-05
39.8668, 0, 0, 3.161e-06, 0, 0, 0.000104962, 0.000149331, 2.3855e-05
39.9338, 0, 0, 6.848e-06, 0, 0, 0.000360749, 0.000446627, 4.6604e-05
40.0003, 0, 0, 5.208e-06, 0, 0, 0.000211336, 0.000273876, 3.4959e-05
40.0668, 0, 0, 3.612e-06, 0, 0, 9.418e-05, 0.000130836, 1.5261e-05
40.1337, 0, 0, 5.924e-06, 0, 0, 0.000272266, 0.000358269, 4.7932e-05
40.2002, 0, 0, 3.327e-06, 0, 0, 0.000171298, 0.000232354, 3.7958e-05
40.2669, 0, 0, 4.909e-06, 0, 0, 0.000181723, 0.000233721, 2.9755e-05
40.3336, 0, 0, 4.042e-06, 0, 0, 0.000204318, 0.000266594, 3.8365e-05
40.4003, 0, 0, 7.319e-06, 0, 0, 0.000214763, 0.000316467, 6.4639e-05
40.467, 0, 0, 6.497e-06, 0, 0, 0.000240757, 0.000338859, 5.3168e-05
40.5334, 0, 0, 2.809e-06, 0, 0, 8.0562e-05, 0.000112278, 1.417e-05
40.6005, 0, 0, 8.564e-06, 0, 0, 0.000360145, 0.00044364, 3.3882e-05
40.6668, 0, 0, 3.528e-06, 0, 0, 8.4283e-05, 0.000138176, 2.968e-05
40.7337, 0, 0, 4.729e-06, 0, 0, 0.000213735, 0.000288707, 4.4157e-05
40.8005, 0, 0, 5.608e-06, 0, 0, 0.000315504, 0.000380349, 2.5179e-05
40.8668, 0, 0, 3.902e-06, 0, 0, 0.000126766, 0.000180548, 2.8209e-05
40.9335, 0, 0, 5.735e-06, 0, 0, 0.000120297, 0.000172489, 2.2643e-05
41.0001, 0, 0, 3.072e-06, 0, 0, 6.7786e-05, 0.000119601, 3.4039e-05
41.0667, 0, 0, 4.608e-06, 0, 0, 8.0152e-05, 0.000123431, 2.1861e-05
41.1334, 0, 0, 2.697e-06, 0, 0, 6.6963e-05, 0.000103079, 1.3698e-05
41.2003, 0, 0, 3.638e-06, 0, 0, 0.000114261, 0.000237892, 0.00010091
41.2667, 0, 0, 3.116e-06, 0, 0, 6.2745e-05, 0.000100762, 1.8928e-05
41.3336, 0, 0, 5.056e-06, 0, 0, 0.000149118, 0.000211703, 3.228e-05
41.4003, 0, 0, 7.038e-06, 0, 0, 0.000227966, 0.00029011, 2.4398e-05
41.4667, 0, 0, 6.555e-06, 0, 0, 6.52e-07, 7.7402e-05, 3.6015e-05
41.6003, 0.000400677, 0.000371294, 6.162e-06, 0, 0, 0.000192961, 0.000282986, 0.000264061
41.6667, 0, 0, 3.17e-06, 0, 0, 7.5456e-05, 0.000111032, 1.446e-05
41.7334, 0, 0, 3.456e-06, 0, 0, 7.5273e-05, 0.000112217, 1.7109e-05
41.8002, 0, 0, 3.094e-06, 0, 0, 8.7828e-05, 0.000177523, 6.2374e-05
41.8667, 0, 0, 4.838e-06, 0, 0, 9.7298e-05, 0.00014935, 3.1583e-05
41.9337, 0, 0, 7.821e-06, 0, 0, 0.000274156, 0.000363213, 4.3656e-05
42.0002, 0, 0, 3.33e-06, 0, 0, 7.0208e-05, 0.000168145, 8.0387e-05
42.0669, 0, 0, 5.681e-06, 0, 0, 0.000183921, 0.000278795, 5.5092e-05
42.1336, 0, 0, 5.625e-06, 0, 0, 0.000150448, 0.000214935, 2.7492e-05
42.2001, 0, 0, 3.832e-06, 0, 0, 0.000108757, 0.000156058, 2.404e-05
42.2668, 0, 0, 4.467e-06, 0, 0, 9.823e-05, 0.000190452, 6.6741e-05
42.3335, 0, 0, 2.942e-06, 0, 0, 7.0291e-05, 0.000121736, 3.157e-05
42.4002, 0, 0, 4.629e-06, 0, 0, 0.000165519, 0.000225534, 3.0221e-05
42.4668, 0, 0, 5.41e-06, 0, 0, 0.000103693, 0.000196729, 6.6054e-05
42.5336, 0, 0, 3.946e-06, 0, 0, 0.00011827, 0.000201705, 5.4072e-05
42.6001, 0, 0, 6.907e-06, 0, 0, 9.83e-07, 9.5478e-05, 5.5706e-05
44.8074, 0.00240717, 0.00204774, 0.00452186, 0.000563206, 0.00121035, 0.00274072, 0.0073553, 0.00298892
44.8774, 0.00354007, 0.00407807, 0.00772888, 0.000812247, 0.00126203, 0.00302066, 0.0108145, 0.000522747
44.9385, 0.00136413, 0.00133366, 0.00276321, 0.000524226, 0.000853793, 0.00227797, 0.005083, 0.000257832
45.0124, 0.00559483, 0.00404277, 0.00975404, 0.000655185, 0.000930797, 0.00254879, 0.0123836, 0.000554702
45.0763, 0.00364714, 0.00309092, 0.00683741, 0.00100569, 0.000979449, 0.00281621, 0.00970238, 0.000396093
45.1426, 0.00268296, 0.00307508, 0.00586073, 0.000870495, 0.00105431, 0.00320035, 0.00910945, 0.000399815
45.2103, 0.00168849, 0.00703416, 0.0087972, 0.000258944, 0.000564173, 0.00140647, 0.0102628, 0.000311106
45.2795, 0.0035832, 0.00523067, 0.00892634, 0.00152787, 0.00129541, 0.00387496, 0.0128613, 0.000387193
45.3472, 0.00295925, 0.00719559, 0.010328, 0.000615315, 0.00171046, 0.00344756, 0.0138334, 0.000600687
45.4187, 0.00493275, 0.00823148, 0.0133383, 0.00209951, 0.00160845, 0.00520042, 0.01862, 0.000637029
45.4744, 0.00227775, 0.00300686, 0.00538414, 0.000557901, 0.00110126, 0.00235755, 0.0077918, 0.000348573
45.5475, 0.00359622, 0.00339452, 0.00712716, 0.00121637, 0.0042563, 0.00690134, 0.0141244, 0.000583678
45.6068, 0.00170642, 0.00194532, 0.00372065, 0.000563261, 0.0012006, 0.00304754, 0.00679813, 0.00023147
45.6829, 0.00716007, 0.00528733, 0.0125557, 0.00122301, 0.00143983, 0.00360111, 0.016237, 0.000652479
45.7471, 0.00548074, 0.00556851, 0.0111337, 0.00117346, 0.000760683, 0.00246062, 0.0136638, 0.0005459
45.8121, 0.00253597, 0.00702879, 0.00965155, 0.000579454, 0.000889385, 0.00232056, 0.0120364, 0.000423224
45.8765, 0.00241593, 0.00316443, 0.00566194, 0.00082775, 0.00213627, 0.00419817, 0.00990656, 0.000334419
45.9424, 0.00302697, 0.00187562, 0.00499393, 0.00102242, 0.00154259, 0.00393377, 0.00896646, 0.000348182
46.0209, 0.00340289, 0.00541552, 0.00892725, 0.00114086, 0.00861081, 0.0117981, 0.0208809, 0.000518994
46.0776, 0.00220254, 0.00546497, 0.00778973, 0.00083296, 0.00121514, 0.00314448, 0.0109774, 0.000384139
46.1437, 0.00316463, 0.0033007, 0.00653466, 0.000606645, 0.00201248, 0.00380355, 0.0103916, 0.000329673
46.2142, 0.00264012, 0.00673384, 0.0094938, 0.00149896, 0.00143717, 0.00460212, 0.0141752, 0.000345404
46.2816, 0.00413527, 0.00700614, 0.0112204, 0.000488514, 0.00206613, 0.00370315, 0.0149726, 0.000318123
46.3435, 0.00293467, 0.00417582, 0.007176, 0.00062518, 0.0013389, 0.00288177, 0.0101119, 0.000358806
46.4094, 0.00204253, 0.00298298, 0.0051207, 0.0009163, 0.00201606, 0.00424442, 0.0094378, 0.00036246
46.4823, 0.00249555, 0.00509364, 0.00769429, 0.00116096, 0.00545074, 0.00793781, 0.0156947, 0.000375713
46.5495, 0.00658472, 0.00686131, 0.0135332, 0.000742528, 0.000859695, 0.00257484, 0.0161633, 0.000581344
46.6073, 0.00182762, 0.00396321, 0.00585513, 0.000251183, 0.000568397, 0.00140441, 0.00734067, 0.000294111
46.6756, 0.0034809, 0.00363279, 0.00717893, 0.00070101, 0.000523434, 0.00174121, 0.00898093, 0.00033583
46.7451, 0.0059094, 0.0043921, 0.0103675, 0.00022973, 0.000479234, 0.00124952, 0.0116804, 0.000460443
46.8096, 0.00319393, 0.00355501, 0.00680986, 0.000923523, 0.000986439, 0.00273808, 0.00956991, 0.00025737
46.8846, 0.00481344, 0.00737571, 0.0123039, 0.0018304, 0.00219211, 0.00559967, 0.0179671, 0.000493383
46.9436, 0.0020971, 0.00271169, 0.00488345, 0.00141685, 0.00267491, 0.00534521, 0.0102646, 0.000245117
47.0139, 0.00455611, 0.0030969, 0.0077919, 0.00157039, 0.00256067, 0.0060408, 0.0139026, 0.000478251
47.0856, 0.0038527, 0.00788617, 0.0119041, 0.00162371, 0.00277632, 0.00696304, 0.0189289, 0.00071951
47.1425, 0.00231074, 0.00436968, 0.00673637, 0.000588323, 0.00101255, 0.00235928, 0.00914831, 0.000278986
47.219, 0.00631305, 0.0085872, 0.0150243, 0.00144431, 0.00143444, 0.00380013, 0.0189182, 0.000750707
47.2756, 0.0019249, 0.00456631, 0.00656124, 0.000555639, 0.000951012, 0.00245368, 0.00904772, 0.000234574
47.3461, 0.00568909, 0.00506379, 0.0108218, 0.000646812, 0.000627208, 0.00190103, 0.0127991, 0.000553115
47.4146, 0.00409263, 0.00798048, 0.0121629, 0.0003827, 0.00100822, 0.00230017, 0.0145157, 0.000384308
47.4801, 0.00358693, 0.00661017, 0.0102671, 0.000674604, 0.00139303, 0.00313148, 0.0134463, 0.000415969
47.5515, 0.00289478, 0.00479428, 0.00774596, 0.00100137, 0.0016038, 0.0102912, 0.0180917, 0.000316174
47.6113, 0.00206559, 0.00204048, 0.0041779, 0.00100439, 0.00198733, 0.00701682, 0.0112388, 0.000258924
47.6697, 0.00276579, 0.000124774, 0.00294611, 0, 0, 0, 0.00298505, 0.000308048
47.7637, 0.00720703, 0.00622064, 0.0135386, 0.00232692, 0.0017902, 0.0167703, 0.0304139, 0.000709197
47.8183, 0.00189799, 0.00238852, 0.00434333, 0.00103291, 0.00924225, 0.0138911, 0.0182945, 0.000253341
47.8901, 0.00478528, 0.00511983, 0.0101216, 0.00270004, 0.00433577, 0.0132162, 0.0233975, 0.000661062
47.948, 0.00239621, 0.00229611, 0.00475897, 0.00119216, 0.00251431, 0.00992643, 0.0147251, 0.000269895
48.019, 0.00315147, 0.00490741, 0.00817883, 0.00197398, 0.00571707, 0.0106292, 0.0188541, 0.000430102
48.0836, 0.00493176, 0.00294754, 0.00798319, 0.00213841, 0.00210749, 0.00878527, 0.0168405, 0.000585077
48.1543, 0.00330571, 0.0018598, 0.00523407, 0.00111013, 0.0103744, 0.0157126, 0.0209958, 0.000318729
48.2146, 0.00654199, 0.00512477, 0.0117366, 0.000521737, 0.00126275, 0.00273313, 0.0145665, 0.000530281
48.2792, 0.00176948, 0.00242126, 0.00426417, 0.00122455, 0.00137456, 0.00814967, 0.012476, 0.000261807
48.3528, 0.0066633, 0.00649797, 0.0132411, 0.0011197, 0.00191622, 0.00614208, 0.0194573, 0.000611377
48.4066, 0.00163466, 0.00229361, 0.00402682, 0.000572639, 0.000923884, 0.00247948, 0.0065543, 0.000375567
48.4723, 0.00230194, 0.00227653, 0.00463167, 0, 0, 0.00103387, 0.00570703, 0.000253972
48.541, 0.00261661, 0.00307091, 0.00582464, 0, 0, 0.00167994, 0.00757107, 0.000522551
48.6066, 0.00175256, 0.00297506, 0.00478144, 0.000514755, 0.000688852, 0.00167822, 0.0066181, 0.000401273
48.6812, 0.00392535, 0.00800396, 0.0120627, 0, 0, 0.00225612, 0.0143898, 0.000603337
48.744, 0.0024217, 0.00542829, 0.00800367, 0, 0, 0.00254479, 0.0106185, 0.00056309
48.8071, 0.00197116, 0.0038875, 0.00592434, 0, 0, 0.000964392, 0.00695612, 0.000387367
48.8799, 0.0029937, 0.00580793, 0.00894613, 0.0013733, 0.0016135, 0.00405426, 0.0131269, 0.000694171
48.9377, 0.000896714, 0.00243664, 0.00338332, 0, 0, 0.000907671, 0.00433011, 0.00020461
49.0084, 0.00237493, 0.00454432, 0.00703075, 0, 0, 0.00124435, 0.00833683, 0.000531868
49.075, 0.00199816, 0.00477465, 0.00687425, 0, 0, 0.00140771, 0.0083457, 0.000608222
49.1431, 0.00290441, 0.00536882, 0.00836525, 0, 0, 0.00134938, 0.00978329, 0.000476661
49.2081, 0.00210134, 0.00411984, 0.00632424, 0, 0, 0.00173097, 0.00811868, 0.00035774
49.2726, 0.00163433, 0.00334725, 0.00505718, 0, 0, 0.000851772, 0.00594781, 0.000266784
49.338, 0.00188805, 0.00118735, 0.00314978, 0, 0, 0.00149668, 0.00470181, 0.000344218
49.4035, 0.00140803, 0.00114612, 0.00261311, 0, 0, 0.000843882, 0.00350063, 0.000277877
49.4733, 0.00236213, 0.00187327, 0.00439098, 0, 0, 0.00216441, 0.00664562, 0.00060885
49.5397, 0.00237354, 0.00168562, 0.00417116, 0, 0, 0.00214366, 0.00639157, 0.00047068
49.6027, 0.000799704, 0.0010614, 0.00192351, 0, 0, 0.000722709, 0.00269043, 0.000235521
49.671, 0.00141982, 0.00141068, 0.00289936, 0, 0, 0.00121258, 0.00418443, 0.000397204
49.7359, 0.000742423, 0.00102553, 0.00180842, 0, 0, 0.000714877, 0.00256767, 0.000197601
49.8078, 0.00277568, 0.0027193, 0.00562091, 0, 0, 0.00196067, 0.00769131, 0.000641712
49.876, 0.00273603, 0.00498324, 0.00790397, 0, 0, 0.00136108, 0.00933562, 0.00068633
49.9358, 0.000750659, 0.000940418, 0.00176359, 0, 0, 0.000670428, 0.00247533, 0.000236059
50.0079, 0.00274908, 0.00281683, 0.00570569, 0, 0, 0.00203371, 0.00782057, 0.000537743
50.0697, 0.000786722, 0.0014323, 0.00226207, 0, 0, 0.000792953, 0.00309376, 0.000216333
50.1409, 0.00223318, 0.00329132, 0.00562608, 0, 0, 0.00172999, 0.00742909, 0.00050776
50.2055, 0.00213586, 0.00117307, 0.00343621, 0, 0, 0.00180304, 0.00538788, 0.000608809
50.2689, 0.00103476, 0.000435709, 0.00151287, 0, 0, 0.000624185, 0.00217937, 0.000189728
50.3384, 0.00202766, 0.000828798, 0.00295872, 0, 0, 0.00179607, 0.00483835, 0.00050158
50.4054, 0.00162785, 0.00265163, 0.00435765, 0, 0, 0.000990543, 0.00539986, 0.000351096
50.4756, 0.00273176, 0.0041293, 0.00701154, 0, 0, 0.00177253, 0.00887251, 0.000581695
50.5402, 0.00149599, 0.00368308, 0.00527691, 0, 0, 0.00148768, 0.00682261, 0.000463347
50.6031, 0.000782443, 0.00163701, 0.00246253, 0, 0, 0.000559615, 0.00306264, 0.000201681
50.6718, 0.00163229, 0.00272658, 0.00443854, 0, 0, 0.00064891, 0.00513883, 0.000328521
50.7357, 0.000556942, 0.0011456, 0.00176852, 0, 0, 0.000557587, 0.00235981, 0.000188959
50.8047, 0.000889973, 0.00251103, 0.00349634, 0, 0, 0.00108591, 0.0046448, 0.000268655
50.8742, 0.00210091, 0.00366965, 0.00590318, 0, 0, 0.00154416, 0.00752246, 0.000439909
50.9357, 0.000561246, 0.0011213, 0.0017368, 0, 0, 0.000514901, 0.0022848, 0.00016582
51.0073, 0.00167199, 0.00354425, 0.00533077, 0, 0, 0.00186914, 0.00726706, 0.000359396
51.0691, 0.000527974, 0.00139724, 0.0019658, 0, 0, 0.000458479, 0.00245888, 0.000158657
51.1358, 0.000531613, 0.00134181, 0.00193871, 0, 0, 0.000474065, 0.0024434, 0.000175654
51.2075, 0.00183994, 0.00392927, 0.00588532, 0, 0, 0.00140496, 0.00738019, 0.000408822
51.2713, 0.000868267, 0.00318339, 0.00410229, 0, 0, 0.000500598, 0.00464119, 0.000208914
51.3396, 0.00181135, 0.00350305, 0.00538046, 0, 0, 0.000721661, 0.00616569, 0.000397422
51.4108, 0.00175405, 0.00675136, 0.00863064, 0, 0, 0.00200044, 0.0107463, 0.000440764
51.4775, 0.00185406, 0.00773021, 0.00968695, 0, 0, 0.00104065, 0.0107961, 0.000507521
51.539, 0.000992149, 0.00379557, 0.00484338, 0, 0, 0.000765438, 0.00566479, 0.000271079
51.6046, 0.000473286, 0.00363963, 0.00415209, 0, 0, 0.000429535, 0.00461134, 0.000145708
51.6739, 0.00145131, 0.0043659, 0.00590663, 0, 0, 0.00122143, 0.00720379, 0.000403926
51.7361, 0.000732723, 0.00124869, 0.00203951, 0, 0, 0.00070586, 0.00280192, 0.000219792
51.8048, 0.0015272, 0.00190006, 0.00352028, 0, 0, 0.00113159, 0.00472744, 0.000421974
51.8718, 0.00177, 0.00201252, 0.00390117, 0, 0, 0.00111965, 0.00509724, 0.000412179
51.9359, 0.000918605, 0.000423012, 0.00140775, 0, 0, 0.00102503, 0.00249766, 0.000246113
52.0017, 0, 0, 1.3268e-05, 0, 0, 0.00157942, 0.00166592, 2.9845e-05
52.0673, 0, 0, 7.66e-06, 0, 0, 0.000639608, 0.000690608, 2.138e-05
52.1348, 0, 0, 1.2267e-05, 0, 0, 0.00139376, 0.00148116, 3.706e-05
52.2016, 0, 0, 1.4795e-05, 0, 0, 0.00137645, 0.00151007, 8.135e-05
52.2683, 0, 0, 1.7263e-05, 0, 0, 0.00151903, 0.00164348, 6.4272e-05
52.3345, 0, 0, 1.2351e-05, 0, 0, 0.00106641, 0.00115481, 3.898e-05
52.4007, 0, 0, 7.698e-06, 0, 0, 0.000655005, 0.000704649, 2.325e-05
52.4678, 0, 0, 1.203e-05, 0, 0, 0.000996382, 0.00110514, 5.9565e-05
52.5347, 0, 0, 1.4454e-05, 0, 0, 0.00127998, 0.00137971, 4.5407e-05
52.6009, 0, 0, 1.1042e-05, 0, 0, 0.000784971, 0.000882239, 5.8014e-05
52.6681, 0, 0, 1.4576e-05, 0, 0, 0.0013185, 0.00141339, 4.0604e-05
52.7338, 0, 0, 4.199e-06, 0, 0, 0.000330884, 0.00036846, 1.7326e-05
52.801, 0, 0, 1.7855e-05, 0, 0, 0.000850171, 0.000923625, 2.1187e-05
52.8679, 0, 0, 1.3695e-05, 0, 0, 0.00111267, 0.00120522, 4.1759e-05
52.9346, 0, 0, 1.7877e-05, 0, 0, 0.00111315, 0.00124629, 7.0097e-05
53.0013, 0, 0, 1.8289e-05, 0, 0, 0.00104595, 0.00125574, 0.000149912
53.067, 0, 0, 8.933e-06, 0, 0, 0.000292884, 0.000346175, 2.4483e-05
53.1339, 0, 0, 7.759e-06, 0, 0, 0.00047076, 0.000572568, 6.2874e-05
53.2007, 0, 0, 1.1115e-05, 0, 0, 0.000612872, 0.000696543, 4.4184e-05
53.2675, 0, 0, 9.694e-06, 0, 0, 0.000623984, 0.000787996, 0.000114452
53.3343, 0, 0, 1.3275e-05, 0, 0, 0.000794658, 0.000887674, 4.1328e-05
53.4002, 0, 0, 4.792e-06, 0, 0, 0.00020645, 0.000259679, 3.2058e-05
53.4679, 0, 0, 1.6585e-05, 0, 0, 0.000987359, 0.0011463, 0.000175359
53.5337, 0, 0, 5.567e-06, 0, 0, 0.000299961, 0.000355859, 2.9296e-05
53.6006, 0, 0, 9.128e-06, 0, 0, 0.000496242, 0.000566209, 2.8006e-05
53.6673, 0, 0, 1.0221e-05, 0, 0, 0.000526095, 0.000613012, 4.1102e-05
53.7337, 0, 0, 6.951e-06, 0, 0, 0.000332109, 0.000395017, 3.0458e-05
53.8007, 0, 0, 1.3934e-05, 0, 0, 0.000471204, 0.000619065, 9.6324e-05
53.8671, 0, 0, 7.578e-06, 0, 0, 0.000308574, 0.000357978, 2.1185e-05
53.9341, 0, 0, 1.3308e-05, 0, 0, 0.000601289, 0.000727062, 6.7711e-05
54.0005, 0, 0, 1.3658e-05, 0, 0, 0.000399839, 0.000522995, 7.1997e-05
54.067, 0, 0, 7.487e-06, 0, 0, 0.000276194, 0.000332325, 2.8276e-05
54.2004, 0.000715019, 0.000462379, 4.627e-06, 0, 0, 0.000285225, 0.000378832, 0.000264738
54.2676, 0, 0, 1.152e-05, 0, 0, 0.000771248, 0.00087672, 5.1226e-05
54.3341, 0, 0, 6.524e-06, 0, 0, 0.000657979, 0.000737203, 3.7544e-05
54.4003, 0, 0, 4.718e-06, 0, 0, 0.000263994, 0.000326061, 3.8791e-05
54.4676, 0, 0, 7.542e-06, 0, 0, 0.000819541, 0.000911026, 4.4759e-05
54.5335, 0, 0, 2.935e-06, 0, 0, 0.000176904, 0.000209617, 1.5993e-05
54.6008, 0, 0, 8.267e-06, 0, 0, 0.000718671, 0.000829017, 6.2482e-05
54.6674, 0, 0, 9.32e-06, 0, 0, 0.000633548, 0.000750795, 7.338e-05
54.7338, 0, 0, 4.611e-06, 0, 0, 0.000316749, 0.000429214, 8.725e-05
54.8006, 0, 0, 7.242e-06, 0, 0, 0.000508649, 0.000604332, 5.2589e-05
54.867, 0, 0, 3.952e-06, 0, 0, 0.000284109, 0.000326492, 2.1669e-05
54.9341, 0, 0, 6.409e-06, 0, 0, 0.000646498, 0.000749392, 6.0299e-05
55.0002, 0, 0, 3.703e-06, 0, 0, 0.000211192, 0.000248152, 1.533e-05
55.0675, 0, 0, 7.562e-06, 0, 0, 0.000665808, 0.000761676, 4.9368e-05
55.1341, 0, 0, 6.504e-06, 0, 0, 0.00065011, 0.000740605, 4.8485e-05
55.2006, 0, 0, 5.151e-06, 0, 0, 0.000427823, 0.000533911, 7.4196e-05
55.2675, 0, 0, 7.86e-06, 0, 0, 0.000635958, 0.000824752, 0.0001395
55.3337, 0, 0, 3.727e-06, 0, 0, 0.000268475, 0.000352925, 5.7369e-05
55.4007, 0, 0, 7.173e-06, 0, 0, 0.000569301, 0.000697669, 8.5923e-05
55.4674, 0, 0, 9.83e-06, 0, 0, 0.00056807, 0.000661985, 4.3234e-05
55.5338, 0, 0, 5.999e-06, 0, 0, 0.000363886, 0.000430667, 3.0345e-05
55.6007, 0, 0, 8.77e-06, 0, 0, 0.000496775, 0.000608116, 6.1807e-05
55.6668, 0, 0, 3.423e-06, 0, 0, 0.000145907, 0.000185696, 1.9449e-05
55.7341, 0, 0, 8.379e-06, 0, 0, 0.000549974, 0.000729669, 0.000134369
55.8005, 0, 0, 6.404e-06, 0, 0, 0.000374122, 0.000449907, 4.4714e-05
55.867, 0, 0, 4.424e-06, 0, 0, 0.000272068, 0.000327803, 2.3291e-05
55.9339, 0, 0, 7.341e-06, 0, 0, 0.000420687, 0.000502875, 3.6877e-05
56.0003, 0, 0, 3.423e-06, 0, 0, 0.000225901, 0.000269761, 2.2641e-05
56.0673, 0, 0, 9.305e-06, 0, 0, 0.000537114, 0.000625612, 4.1278e-05
56.1339, 0, 0, 5.29e-06, 0, 0, 0.000435564, 0.00051695, 4.6172e-05
56.2004, 0, 0, 4.884e-06, 0, 0, 0.000283785, 0.000356426, 3.9819e-05
56.3337, 0.000415334, 0.000382555, 3.311e-06, 0, 0, 0.000152823, 0.000195921, 0.000216647
56.4008, 0, 0, 7.466e-06, 0, 0, 0.000639845, 0.000718779, 3.0255e-05
56.4672, 0, 0, 6.735e-06, 0, 0, 0.000443811, 0.000517188, 3.6182e-05
56.5338, 0, 0, 5.887e-06, 0, 0, 0.000392904, 0.000466615, 4.1587e-05
56.6007, 0, 0, 8.01e-06, 0, 0, 0.000576901, 0.000708764, 8.4794e-05
56.667, 0, 0, 4.63e-06, 0, 0, 0.000240006, 0.000316045, 5.2874e-05
56.7339, 0, 0, 7.661e-06, 0, 0, 0.000450814, 0.000538852, 4.1931e-05
56.8004, 0, 0, 6.235e-06, 0, 0, 0.000306608, 0.000396674, 5.338e-05
56.8672, 0, 0, 9.185e-06, 0, 0, 0.000389349, 0.000507141, 7.2426e-05
56.9338, 0, 0, 5.055e-06, 0, 0, 0.000314366, 0.000368767, 2.6224e-05
57.0005, 0, 0, 6.868e-06, 0, 0, 0.000368187, 0.000483632, 7.0847e-05
57.0672, 0, 0, 7.842e-06, 0, 0, 0.000419462, 0.000523965, 5.5974e-05
57.1336, 0, 0, 4.819e-06, 0, 0, 0.000201595, 0.000260093, 3.0511e-05
57.2007, 0, 0, 9.888e-06, 0, 0, 0.000530008, 0.000638601, 6.3384e-05
57.267, 0, 0, 6.568e-06, 0, 0, 0.000187119, 0.000277645, 5.8124e-05
57.3339, 0, 0, 9.095e-06, 0, 0, 0.000466452, 0.00055844, 4.4713e-05
57.4006, 0, 0, 8.304e-06, 0, 0, 0.00047738, 0.000598461, 7.4315e-05
57.4669, 0, 0, 5.729e-06, 0, 0, 0.000210946, 0.000276768, 3.9837e-05
